year,region,govt_schools,nongovt_schools,total_schools,enrolment_f1f4,total_teachers,schools_with_electricity,pct_schools_electricity,desktop_computers,laptop_computers,projectors,enrolment_for_dropout,total_dropouts,dropout_rate_regional,pupil_book_ratio,disability_enrolment,csee_div1_pct,infra_imputed_2020,ptr_regional,desktops_per_school,teachers_per_school,nongovt_share,enrolment_per_school,laptops_per_school,csee_pass_rate,csee_fail_rate,csee_candidates,dropout_rate_pct,gross_completion_rate,total_teachers_national,qualified_teachers_national,qualified_teacher_ratio,ptr_national,csee_pass_rate_lag1,csee_pass_rate_lag2,ptr_national_lag1,ptr_national_lag2,gross_completion_rate_lag1,gross_completion_rate_lag2,pct_schools_electricity_lag1,pct_schools_electricity_lag2,dropout_rate_pct_lag1,dropout_rate_pct_lag2,enrolment_f1f4_lag1,enrolment_f1f4_lag2,total_teachers_lag1,total_teachers_lag2,csee_pass_rate_roll2,csee_pass_rate_roll3,ptr_national_roll2,ptr_national_roll3,dropout_rate_pct_roll2,dropout_rate_pct_roll3,gross_completion_rate_roll2,gross_completion_rate_roll3,pct_schools_electricity_roll2,pct_schools_electricity_roll3,enrolment_yoy_growth,teacher_yoy_growth,school_yoy_growth,electricity_yoy_growth,ict_yoy_growth,enrolment_teacher_growth_gap,infra_index,electricity_index,ict_index,dropout_burden,disability_inclusion_rate,year_index,log_enrolment,log_schools,teacher_quality_x_density,infra_x_teacher_quality,ptr_x_electricity,retention_pressure,education_quality_index,csee_cumulative_improvement
2020,ARUSHA,159,101,260,123324,6175,,84.1698841698842,2546.0,1950.0,346.0,,5.0,,,7.0,7.19,1,19.97,9.79,23.75,0.3885,474.3,7.5,85.84,14.16,435654.0,4.59,38.55,106006.0,104881.0,0.9893873931664245,22.5,,,,,,,,,,,,,,,85.84,85.84,22.5,22.5,4.59,4.59,38.55,38.55,84.1698841698842,84.1698841698842,,,,,,,0.8055,0.8417,0.9281,0.0041,0.0568,0,11.7226,5.5645,23.498,0.797,18.9382,0.1191,0.5471,
2021,ARUSHA,163,96,259,131552,6203,259.0,84.1698841698842,2546.0,1950.0,346.0,123324.0,2.48856670234504,0.002,,7.0,6.57,0,21.21,9.83,23.95,0.3707,507.9,7.53,87.3,12.7,487730.0,4.5879815937378,39.5048840019058,109335.0,108424.0,0.9916678099419216,23.0,85.84,,22.5,,38.55,,84.1698841698842,,4.59,,123324.0,,6175.0,,86.57,86.57,22.75,22.75,4.5889907968689005,4.5889907968689005,39.0274420009529,39.0274420009529,84.1698841698842,84.1698841698842,0.0667,0.0045,-0.0038,0.0,0.0,0.0622,0.8081,0.8417,0.9319,0.0019,0.0532,1,11.7872,5.5607,23.7504,0.8014,19.3591,0.1161,0.6726,1.4599999999999937
2022,ARUSHA,172,97,269,136706,6200,269.0,86.2453531598513,2777.0,2233.0,376.0,131552.0,2.78901118949161,0.0021,,11.0,7.25,0,22.05,10.32,23.05,0.3606,508.2,8.3,87.79,12.21,522217.0,4.88961711903057,38.7341995273676,113205.0,112362.0,0.9925533324499801,24.0,87.3,85.84,23.0,22.5,39.5048840019058,38.55,84.1698841698842,84.1698841698842,4.5879815937378,4.59,131552.0,123324.0,6203.0,6175.0,87.545,86.97666666666667,23.5,23.166666666666668,4.738799356384185,4.689199570922789,39.1195417646367,38.9296945097578,85.20761866486775,84.8617071665399,0.0392,-0.0005,0.0386,0.0247,0.0907,0.0397,0.8674,0.8625,0.9784,0.002,0.0805,2,11.8256,5.5984,22.8784,0.8609,20.7,0.1262,0.417,1.9500000000000028
2023,ARUSHA,174,101,275,143346,6345,275.0,90.1818181818182,2488.0,2386.0,325.0,136706.0,2.6567963366640823,0.0019,,21.0,8.05,0,22.59,9.05,23.07,0.3673,521.3,8.68,89.37,10.63,529596.0,4.82765190955621,42.04513154535075,117909.0,117206.0,0.9940377748941981,25.0,87.79,87.3,24.0,23.0,38.7341995273676,39.5048840019058,86.2453531598513,84.1698841698842,4.88961711903057,4.5879815937378,136706.0,131552.0,6200.0,6203.0,88.58000000000001,88.15333333333335,24.5,24.0,4.85863451429339,4.768416874108193,40.389665536359175,40.09473835820805,88.21358567083476,86.8656851705179,0.0486,0.0234,0.0223,0.0456,-0.1041,0.025199999999999997,0.8606,0.9018,0.858,0.0019,0.1465,3,11.873,5.6204,22.9325,0.8555,22.545,0.1148,0.6686,3.530000000000001
2024,ARUSHA,189,99,288,155345,6492,288.0,93.0555555555556,3134.0,2633.0,399.0,143346.0,2.34328129142076,0.0016,,12.0,,0,23.93,10.88,22.54,0.3438,539.4,9.14,,,,4.82027585377703,41.3765775246484,128686.0,127904.0,0.9939231928881153,26.0,89.37,87.79,25.0,24.0,42.04513154535075,38.7341995273676,90.1818181818182,86.2453531598513,4.82765190955621,4.88961711903057,143346.0,136706.0,6345.0,6200.0,89.37,88.58000000000001,25.5,25.0,4.82396388166662,4.845848294121271,41.71085453499957,40.71863619912225,91.6186868686869,89.82757563240837,0.0837,0.0232,0.0473,0.0319,0.2596,0.0605,0.9607,0.9306,1.0,0.0015,0.0772,4,11.9534,5.6664,22.403,0.9549,24.1956,0.1165,0.5837,
2020,DAR ES SALAAM,157,178,335,231612,9319,,97.3529411764706,3503.0,1076.0,470.0,,17.0,,,13.0,7.19,1,24.85,10.46,27.82,0.5313,691.4,3.21,85.84,14.16,435654.0,4.59,38.55,106006.0,104881.0,0.9893873931664245,22.5,,,,,,,,,,,,,,,85.84,85.84,22.5,22.5,4.59,4.59,38.55,38.55,97.3529411764706,97.3529411764706,,,,,,,0.7465,0.9735,0.9917,0.0073,0.0561,0,12.3528,5.8171,27.5248,0.7386,21.9038,0.1191,0.5953,
2021,DAR ES SALAAM,164,176,340,257139,9313,340.0,97.3529411764706,3503.0,1076.0,470.0,231612.0,0.838039479819699,0.0004,,13.0,6.57,0,27.61,10.3,27.39,0.5176,756.3,3.16,87.3,12.7,487730.0,4.5879815937378,39.5048840019058,109335.0,108424.0,0.9916678099419216,23.0,85.84,,22.5,,38.55,,97.3529411764706,,4.59,,231612.0,,9319.0,,86.57,86.57,22.75,22.75,4.5889907968689005,4.5889907968689005,39.0274420009529,39.0274420009529,97.3529411764706,97.3529411764706,0.1102,-0.0006,0.0149,0.0,0.0,0.11080000000000001,0.7389,0.9735,0.9765,0.0003,0.0506,1,12.4574,5.8319,27.1618,0.7327,22.3905,0.1161,0.7207,1.4599999999999937
2022,DAR ES SALAAM,172,178,350,268637,9304,350.0,98.2857142857143,3637.0,1183.0,534.0,257139.0,1.44707726171448,0.0006,,77.0,7.25,0,28.87,10.39,26.58,0.5086,767.5,3.38,87.79,12.21,522217.0,4.88961711903057,38.7341995273676,113205.0,112362.0,0.9925533324499801,24.0,87.3,85.84,23.0,22.5,39.5048840019058,38.55,97.3529411764706,97.3529411764706,4.5879815937378,4.59,257139.0,231612.0,9313.0,9319.0,87.545,86.97666666666667,23.5,23.166666666666668,4.738799356384185,4.689199570922789,39.1195417646367,38.9296945097578,97.81932773109244,97.6638655462185,0.0447,-0.001,0.0294,0.0096,0.0383,0.0457,0.7562,0.9829,0.985,0.0005,0.2866,2,12.5011,5.8608,26.3821,0.7506,23.5896,0.1262,0.461,1.9500000000000028
2023,DAR ES SALAAM,179,178,357,284184,9689,357.0,98.0392156862745,3044.0,1220.0,434.0,268637.0,1.3348868547519515,0.0005,,114.0,8.05,0,29.33,8.53,27.14,0.4986,796.0,3.42,89.37,10.63,529596.0,4.82765190955621,42.04513154535075,117909.0,117206.0,0.9940377748941981,25.0,87.79,87.3,24.0,23.0,38.7341995273676,39.5048840019058,98.2857142857143,97.3529411764706,4.88961711903057,4.5879815937378,268637.0,257139.0,9304.0,9313.0,88.58000000000001,88.15333333333335,24.5,24.0,4.85863451429339,4.768416874108193,40.389665536359175,40.09473835820805,98.1624649859944,97.89262371615314,0.0579,0.0414,0.02,-0.0025,-0.163,0.0165,0.69,0.9804,0.8087,0.0005,0.4011,3,12.5574,5.8805,26.9782,0.6859,24.51,0.1148,0.6973,3.530000000000001
2024,DAR ES SALAAM,191,178,369,300249,9988,369.0,97.5609756097561,4091.0,1300.0,556.0,284184.0,1.49339864313262,0.0005,,67.0,,0,30.06,11.09,27.07,0.4824,813.7,3.52,,,,4.82027585377703,41.3765775246484,128686.0,127904.0,0.9939231928881153,26.0,89.37,87.79,25.0,24.0,42.04513154535075,38.7341995273676,98.0392156862745,98.2857142857143,4.82765190955621,4.88961711903057,284184.0,268637.0,9689.0,9304.0,89.37,88.58000000000001,25.5,25.0,4.82396388166662,4.845848294121271,41.71085453499957,40.71863619912225,97.8000956480153,97.9619685272483,0.0565,0.0309,0.0336,-0.0049,0.344,0.0256,0.782,0.9756,1.0,0.0005,0.2231,4,12.6124,5.9135,26.9055,0.7772,25.3656,0.1165,0.6001,
2020,DODOMA,191,31,222,102112,4150,,80.3571428571429,951.0,150.0,152.0,,6.0,,,5.0,7.19,1,24.61,4.28,18.69,0.1396,460.0,0.68,85.84,14.16,435654.0,4.59,38.55,106006.0,104881.0,0.9893873931664245,22.5,,,,,,,,,,,,,,,85.84,85.84,22.5,22.5,4.59,4.59,38.55,38.55,80.3571428571429,80.3571428571429,,,,,,,0.3271,0.8036,0.4058,0.0059,0.049,0,11.5338,5.4072,18.4917,0.3236,18.081,0.1191,0.5332,
2021,DODOMA,193,31,224,110555,4283,224.0,80.3571428571429,951.0,150.0,152.0,102112.0,6.03357098088374,0.0059,,5.0,6.57,0,25.81,4.25,19.12,0.1384,493.5,0.67,87.3,12.7,487730.0,4.5879815937378,39.5048840019058,109335.0,108424.0,0.9916678099419216,23.0,85.84,,22.5,,38.55,,80.3571428571429,,4.59,,102112.0,,4150.0,,86.57,86.57,22.75,22.75,4.5889907968689005,4.5889907968689005,39.0274420009529,39.0274420009529,80.3571428571429,80.3571428571429,0.0827,0.032,0.009,0.0,0.0,0.050699999999999995,0.3257,0.8036,0.4029,0.0055,0.0452,1,11.6133,5.4161,18.9607,0.323,18.4828,0.1161,0.6587,1.4599999999999937
2022,DODOMA,200,33,233,116170,4352,233.0,85.8369098712446,997.0,185.0,188.0,110555.0,7.96164804848266,0.0072,,6.0,7.25,0,26.69,4.28,18.68,0.1416,498.6,0.79,87.79,12.21,522217.0,4.88961711903057,38.7341995273676,113205.0,112362.0,0.9925533324499801,24.0,87.3,85.84,23.0,22.5,39.5048840019058,38.55,80.3571428571429,80.3571428571429,4.5879815937378,4.59,110555.0,102112.0,4283.0,4150.0,87.545,86.97666666666667,23.5,23.166666666666668,4.738799356384185,4.689199570922789,39.1195417646367,38.9296945097578,83.09702636419375,82.18373186184347,0.0508,0.0161,0.0402,0.0682,0.0484,0.034699999999999995,0.3646,0.8584,0.4058,0.0069,0.0516,2,11.6628,5.4553,18.5409,0.3619,20.6016,0.1262,0.4155,1.9500000000000028
2023,DODOMA,220,32,252,126393,4579,252.0,82.9365079365079,910.0,228.0,197.0,116170.0,7.614702591030387,0.0066,,8.0,8.05,0,27.6,3.61,18.17,0.127,501.6,0.9,89.37,10.63,529596.0,4.82765190955621,42.04513154535075,117909.0,117206.0,0.9940377748941981,25.0,87.79,87.3,24.0,23.0,38.7341995273676,39.5048840019058,85.8369098712446,80.3571428571429,4.88961711903057,4.5879815937378,116170.0,110555.0,4352.0,4283.0,88.58000000000001,88.15333333333335,24.5,24.0,4.85863451429339,4.768416874108193,40.389665536359175,40.09473835820805,84.38670890387624,83.04352022163181,0.088,0.0522,0.0815,-0.0338,-0.0873,0.03579999999999999,0.3273,0.8294,0.3422,0.006,0.0633,3,11.7472,5.5334,18.0617,0.3253,20.735,0.1148,0.6422,3.530000000000001
2024,DODOMA,238,36,274,138777,4853,274.0,88.6861313868613,1147.0,382.0,278.0,126393.0,7.92923658746924,0.0063,,31.0,,0,28.6,4.19,17.71,0.1314,506.5,1.39,,,,4.82027585377703,41.3765775246484,128686.0,127904.0,0.9939231928881153,26.0,89.37,87.79,25.0,24.0,42.04513154535075,38.7341995273676,82.9365079365079,85.8369098712446,4.82765190955621,4.88961711903057,126393.0,116170.0,4579.0,4352.0,89.37,88.58000000000001,25.5,25.0,4.82396388166662,4.845848294121271,41.71085453499957,40.71863619912225,85.81131966168459,85.81984973153794,0.098,0.0598,0.0873,0.0693,0.2604,0.038200000000000005,0.4016,0.8869,0.3972,0.0057,0.2234,4,11.8406,5.6168,17.6024,0.3992,23.0594,0.1165,0.5677,
2020,GEITA,120,17,137,97179,3084,,64.6666666666667,476.0,110.0,130.0,,5.0,,,1.0,7.19,1,31.51,3.47,22.51,0.1241,709.3,0.8,85.84,14.16,435654.0,4.59,38.55,106006.0,104881.0,0.9893873931664245,22.5,,,,,,,,,,,,,,,85.84,85.84,22.5,22.5,4.59,4.59,38.55,38.55,64.6666666666667,64.6666666666667,,,,,,,0.2074,0.6467,0.329,0.0051,0.0103,0,11.4843,4.9273,22.2711,0.2052,14.5508,0.1191,0.4759,
2021,GEITA,133,17,150,108059,3164,150.0,64.6666666666667,476.0,110.0,130.0,97179.0,8.37835334794554,0.0086,,1.0,6.57,0,34.15,3.17,21.09,0.1133,720.4,0.73,87.3,12.7,487730.0,4.5879815937378,39.5048840019058,109335.0,108424.0,0.9916678099419216,23.0,85.84,,22.5,,38.55,,64.6666666666667,,4.59,,97179.0,,3084.0,,86.57,86.57,22.75,22.75,4.5889907968689005,4.5889907968689005,39.0274420009529,39.0274420009529,64.6666666666667,64.6666666666667,0.112,0.0259,0.0949,0.0,0.0,0.08610000000000001,0.1941,0.6467,0.3005,0.0078,0.0093,1,11.5904,5.0173,20.9143,0.1925,14.8741,0.1161,0.6014,1.4599999999999937
2022,GEITA,155,21,176,116183,3250,176.0,64.2045454545455,519.0,111.0,145.0,108059.0,8.31582746462581,0.0077,,8.0,7.25,0,35.75,2.95,18.47,0.1193,660.1,0.63,87.79,12.21,522217.0,4.88961711903057,38.7341995273676,113205.0,112362.0,0.9925533324499801,24.0,87.3,85.84,23.0,22.5,39.5048840019058,38.55,64.6666666666667,64.6666666666667,4.5879815937378,4.59,108059.0,97179.0,3164.0,3084.0,87.545,86.97666666666667,23.5,23.166666666666668,4.738799356384185,4.689199570922789,39.1195417646367,38.9296945097578,64.43560606060609,64.5126262626263,0.0752,0.0272,0.1733,-0.0071,0.0903,0.048,0.1796,0.642,0.2797,0.0072,0.0689,2,11.6629,5.1761,18.3325,0.1783,15.408,0.1262,0.3366,1.9500000000000028
2023,GEITA,205,25,230,133702,3490,230.0,54.7826086956522,452.0,124.0,136.0,116183.0,7.753285764698795,0.0067,,6.0,8.05,0,38.31,1.97,15.17,0.1087,581.3,0.54,89.37,10.63,529596.0,4.82765190955621,42.04513154535075,117909.0,117206.0,0.9940377748941981,25.0,87.79,87.3,24.0,23.0,38.7341995273676,39.5048840019058,64.2045454545455,64.6666666666667,4.88961711903057,4.5879815937378,116183.0,108059.0,3250.0,3164.0,88.58000000000001,88.15333333333335,24.5,24.0,4.85863451429339,4.768416874108193,40.389665536359175,40.09473835820805,59.49357707509885,61.217940272288125,0.1508,0.0738,0.3068,-0.1467,-0.1291,0.07699999999999999,0.084,0.5478,0.1868,0.0058,0.0449,3,11.8034,5.4424,15.0796,0.0835,13.695,0.1148,0.5394,3.530000000000001
2024,GEITA,213,26,239,149200,3878,239.0,60.6694560669456,644.0,150.0,205.0,133702.0,8.33644971653378,0.0062,,6.0,,0,38.47,2.69,16.23,0.1088,624.3,0.63,,,,4.82027585377703,41.3765775246484,128686.0,127904.0,0.9939231928881153,26.0,89.37,87.79,25.0,24.0,42.04513154535075,38.7341995273676,54.7826086956522,64.2045454545455,4.82765190955621,4.88961711903057,133702.0,116183.0,3490.0,3250.0,89.37,88.58000000000001,25.5,25.0,4.82396388166662,4.845848294121271,41.71085453499957,40.71863619912225,57.7260323812989,59.88553673904776,0.1159,0.1112,0.0391,0.1075,0.4248,0.00470000000000001,0.1489,0.6067,0.255,0.0056,0.0402,4,11.913,5.4806,16.1314,0.148,15.7742,0.1165,0.4655,
2020,IRINGA,115,66,181,81391,3907,,80.5405405405405,1417.0,643.0,206.0,,4.0,,,5.0,7.19,1,20.83,7.83,21.59,0.3646,449.7,3.55,85.84,14.16,435654.0,4.59,38.55,106006.0,104881.0,0.9893873931664245,22.5,,,,,,,,,,,,,,,85.84,85.84,22.5,22.5,4.59,4.59,38.55,38.55,80.5405405405405,80.5405405405405,,,,,,,0.5636,0.8054,0.7423,0.0049,0.0614,0,11.307,5.204,21.3609,0.5576,18.1215,0.1191,0.5339,
2021,IRINGA,118,67,185,85902,3947,185.0,80.5405405405405,1417.0,643.0,206.0,81391.0,4.2830288361121,0.0053,,5.0,6.57,0,21.76,7.66,21.34,0.3622,464.3,3.48,87.3,12.7,487730.0,4.5879815937378,39.5048840019058,109335.0,108424.0,0.9916678099419216,23.0,85.84,,22.5,,38.55,,80.5405405405405,,4.59,,81391.0,,3907.0,,86.57,86.57,22.75,22.75,4.5889907968689005,4.5889907968689005,39.0274420009529,39.0274420009529,80.5405405405405,80.5405405405405,0.0554,0.0102,0.0221,0.0,0.0,0.0452,0.5549,0.8054,0.7262,0.005,0.0582,1,11.361,5.2257,21.1622,0.5503,18.5242,0.1161,0.6594,1.4599999999999937
2022,IRINGA,122,69,191,88826,3997,191.0,83.7696335078534,1459.0,631.0,227.0,85902.0,4.44925612907732,0.0052,,7.0,7.25,0,22.22,7.64,20.93,0.3613,465.1,3.3,87.79,12.21,522217.0,4.88961711903057,38.7341995273676,113205.0,112362.0,0.9925533324499801,24.0,87.3,85.84,23.0,22.5,39.5048840019058,38.55,80.5405405405405,80.5405405405405,4.5879815937378,4.59,85902.0,81391.0,3947.0,3907.0,87.545,86.97666666666667,23.5,23.166666666666668,4.738799356384185,4.689199570922789,39.1195417646367,38.9296945097578,82.15508702419694,81.61690486297813,0.034,0.0127,0.0324,0.0401,0.0296,0.021300000000000003,0.567,0.8377,0.7243,0.005,0.0788,2,11.3944,5.2575,20.7741,0.5628,20.1048,0.1262,0.408,1.9500000000000028
2023,IRINGA,129,68,197,94284,4116,197.0,86.8020304568528,1262.0,715.0,197.0,88826.0,3.9346587710805396,0.0044,,7.0,8.05,0,22.91,6.41,20.89,0.3452,478.6,3.63,89.37,10.63,529596.0,4.82765190955621,42.04513154535075,117909.0,117206.0,0.9940377748941981,25.0,87.79,87.3,24.0,23.0,38.7341995273676,39.5048840019058,83.7696335078534,80.5405405405405,4.88961711903057,4.5879815937378,88826.0,85902.0,3997.0,3947.0,88.58000000000001,88.15333333333335,24.5,24.0,4.85863451429339,4.768416874108193,40.389665536359175,40.09473835820805,85.2858319823531,83.70406816841556,0.0614,0.0298,0.0314,0.0362,-0.135,0.0316,0.5542,0.868,0.6077,0.0042,0.0742,3,11.4541,5.2883,20.7654,0.5509,21.7,0.1148,0.6563,3.530000000000001
2024,IRINGA,137,69,206,98586,4235,206.0,92.7184466019417,1823.0,758.0,260.0,94284.0,4.28916889397989,0.0045,,4.0,,0,23.28,8.85,20.56,0.335,478.6,3.68,,,,4.82027585377703,41.3765775246484,128686.0,127904.0,0.9939231928881153,26.0,89.37,87.79,25.0,24.0,42.04513154535075,38.7341995273676,86.8020304568528,83.7696335078534,4.82765190955621,4.88961711903057,94284.0,88826.0,4116.0,3997.0,89.37,88.58000000000001,25.5,25.0,4.82396388166662,4.845848294121271,41.71085453499957,40.71863619912225,89.76023852939724,87.76337018888263,0.0456,0.0289,0.0457,0.0682,0.4445,0.016700000000000003,0.6789,0.9272,0.839,0.0044,0.0406,4,11.4987,5.3327,20.4351,0.6748,24.1072,0.1165,0.5825,
2020,KAGERA,197,64,261,128000,4572,,78.2771535580524,1726.0,422.0,230.0,,4.0,,,2.0,7.19,1,28.0,6.61,17.52,0.2452,490.4,1.62,85.84,14.16,435654.0,4.59,38.55,106006.0,104881.0,0.9893873931664245,22.5,,,,,,,,,,,,,,,85.84,85.84,22.5,22.5,4.59,4.59,38.55,38.55,78.2771535580524,78.2771535580524,,,,,,,0.4331,0.7828,0.6267,0.0031,0.0156,0,11.7598,5.5683,17.3341,0.4285,17.613,0.1191,0.5256,
2021,KAGERA,201,66,267,139106,4651,267.0,78.2771535580524,1726.0,422.0,230.0,128000.0,4.50859375,0.0035,,2.0,6.57,0,29.91,6.46,17.42,0.2472,521.0,1.58,87.3,12.7,487730.0,4.5879815937378,39.5048840019058,109335.0,108424.0,0.9916678099419216,23.0,85.84,,22.5,,38.55,,78.2771535580524,,4.59,,128000.0,,4572.0,,86.57,86.57,22.75,22.75,4.5889907968689005,4.5889907968689005,39.0274420009529,39.0274420009529,78.2771535580524,78.2771535580524,0.0868,0.0173,0.023,0.0,0.0,0.0695,0.4262,0.7828,0.6124,0.0032,0.0144,1,11.843,5.591,17.2749,0.4226,18.0044,0.1161,0.6511,1.4599999999999937
2022,KAGERA,220,67,287,149248,4779,287.0,76.6550522648084,1630.0,577.0,251.0,139106.0,4.98468793581873,0.0036,,4.0,7.25,0,31.23,5.68,16.65,0.2334,520.0,2.01,87.79,12.21,522217.0,4.88961711903057,38.7341995273676,113205.0,112362.0,0.9925533324499801,24.0,87.3,85.84,23.0,22.5,39.5048840019058,38.55,78.2771535580524,78.2771535580524,4.5879815937378,4.59,139106.0,128000.0,4651.0,4572.0,87.545,86.97666666666667,23.5,23.166666666666668,4.738799356384185,4.689199570922789,39.1195417646367,38.9296945097578,77.4661029114304,77.73645312697107,0.0729,0.0275,0.0749,-0.0207,-0.0556,0.04540000000000001,0.4049,0.7666,0.5385,0.0033,0.0268,2,11.9134,5.663,16.526,0.4019,18.3984,0.1262,0.382,1.9500000000000028
2023,KAGERA,230,68,298,164530,5029,298.0,77.5167785234899,1372.0,586.0,235.0,149248.0,4.552824828473414,0.0031,,142.0,8.05,0,32.72,4.6,16.88,0.2282,552.1,1.97,89.37,10.63,529596.0,4.82765190955621,42.04513154535075,117909.0,117206.0,0.9940377748941981,25.0,87.79,87.3,24.0,23.0,38.7341995273676,39.5048840019058,76.6550522648084,78.2771535580524,4.88961711903057,4.5879815937378,149248.0,139106.0,4779.0,4651.0,88.58000000000001,88.15333333333335,24.5,24.0,4.85863451429339,4.768416874108193,40.389665536359175,40.09473835820805,77.08591539414915,77.4829947821169,0.1024,0.0523,0.0383,0.0112,-0.1583,0.050100000000000006,0.3702,0.7752,0.4361,0.0028,0.8631,3,12.0109,5.7004,16.7794,0.368,19.38,0.1148,0.6224,3.530000000000001
2024,KAGERA,243,70,313,181382,5205,313.0,80.1916932907348,1801.0,690.0,312.0,164530.0,5.14009603111895,0.0031,,11.0,,0,34.85,5.75,16.63,0.2236,579.5,2.2,,,,4.82027585377703,41.3765775246484,128686.0,127904.0,0.9939231928881153,26.0,89.37,87.79,25.0,24.0,42.04513154535075,38.7341995273676,77.5167785234899,76.6550522648084,4.82765190955621,4.88961711903057,164530.0,149248.0,5029.0,4779.0,89.37,88.58000000000001,25.5,25.0,4.82396388166662,4.845848294121271,41.71085453499957,40.71863619912225,78.85423590711235,78.12117469301104,0.1024,0.035,0.0503,0.0345,0.3127,0.0674,0.4362,0.8019,0.5451,0.0028,0.0606,4,12.1084,5.7494,16.5289,0.4335,20.8494,0.1165,0.5367,
2020,KATAVI,43,6,49,24718,762,,64.9122807017544,401.0,50.0,52.0,,3.0,,,1.0,7.19,1,32.44,8.18,15.55,0.1224,504.4,1.02,85.84,14.16,435654.0,4.59,38.55,106006.0,104881.0,0.9893873931664245,22.5,,,,,,,,,,,,,,,85.84,85.84,22.5,22.5,4.59,4.59,38.55,38.55,64.9122807017544,64.9122807017544,,,,,,,0.3848,0.6491,0.7755,0.0121,0.0405,0,10.1153,3.912,15.385,0.3807,14.6048,0.1191,0.4768,
2021,KATAVI,51,6,57,28562,783,57.0,64.9122807017544,401.0,50.0,52.0,24718.0,9.67715834614451,0.0392,,1.0,6.57,0,36.48,7.04,13.74,0.1053,501.1,0.88,87.3,12.7,487730.0,4.5879815937378,39.5048840019058,109335.0,108424.0,0.9916678099419216,23.0,85.84,,22.5,,38.55,,64.9122807017544,,4.59,,24718.0,,762.0,,86.57,86.57,22.75,22.75,4.5889907968689005,4.5889907968689005,39.0274420009529,39.0274420009529,64.9122807017544,64.9122807017544,0.1555,0.0276,0.1633,0.0,0.0,0.1279,0.3389,0.6491,0.6674,0.0339,0.035,1,10.2599,4.0604,13.6255,0.3361,14.9293,0.1161,0.6023,1.4599999999999937
2022,KATAVI,56,6,62,32167,858,62.0,67.741935483871,408.0,48.0,54.0,28562.0,8.9629577760661,0.0314,,0.0,7.25,0,37.49,6.58,13.84,0.0968,518.8,0.77,87.79,12.21,522217.0,4.88961711903057,38.7341995273676,113205.0,112362.0,0.9925533324499801,24.0,87.3,85.84,23.0,22.5,39.5048840019058,38.55,64.9122807017544,64.9122807017544,4.5879815937378,4.59,28562.0,24718.0,783.0,762.0,87.545,86.97666666666667,23.5,23.166666666666668,4.738799356384185,4.689199570922789,39.1195417646367,38.9296945097578,66.3271080928127,65.85549896245993,0.1262,0.0958,0.0877,0.0436,0.0175,0.03040000000000001,0.3356,0.6774,0.6238,0.0279,0.0,2,10.3787,4.1431,13.7369,0.3331,16.2576,0.1262,0.3495,1.9500000000000028
2023,KATAVI,66,5,71,37443,946,71.0,61.9718309859155,294.0,26.0,49.0,32167.0,10.143936332265987,0.0315,,4.0,8.05,0,39.58,4.14,13.32,0.0704,527.4,0.37,89.37,10.63,529596.0,4.82765190955621,42.04513154535075,117909.0,117206.0,0.9940377748941981,25.0,87.79,87.3,24.0,23.0,38.7341995273676,39.5048840019058,67.741935483871,64.9122807017544,4.88961711903057,4.5879815937378,32167.0,28562.0,858.0,783.0,88.58000000000001,88.15333333333335,24.5,24.0,4.85863451429339,4.768416874108193,40.389665536359175,40.09473835820805,64.85688323489325,64.8753490571803,0.164,0.1026,0.1452,-0.0852,-0.2794,0.06140000000000001,0.1985,0.6197,0.3925,0.0271,0.1068,3,10.5306,4.2767,13.2406,0.1973,15.4925,0.1148,0.5657,3.530000000000001
2024,KATAVI,74,5,79,40598,998,79.0,60.7594936708861,419.0,60.0,74.0,37443.0,11.0781721550089,0.0296,,3.0,,0,40.68,5.3,12.63,0.0633,513.9,0.76,,,,4.82027585377703,41.3765775246484,128686.0,127904.0,0.9939231928881153,26.0,89.37,87.79,25.0,24.0,42.04513154535075,38.7341995273676,61.9718309859155,67.741935483871,4.82765190955621,4.88961711903057,37443.0,32167.0,946.0,858.0,89.37,88.58000000000001,25.5,25.0,4.82396388166662,4.845848294121271,41.71085453499957,40.71863619912225,61.3656623284008,63.491086713557536,0.0843,0.055,0.1127,-0.0196,0.4252,0.0293,0.2472,0.6076,0.5025,0.0273,0.0739,4,10.6115,4.382,12.5532,0.2457,15.7976,0.1165,0.4658,
2020,KIGOMA,140,53,193,85249,2762,,43.5,750.0,175.0,166.0,,4.0,,,8.0,7.19,1,30.86,3.89,14.31,0.2746,441.7,0.91,85.84,14.16,435654.0,4.59,38.55,106006.0,104881.0,0.9893873931664245,22.5,,,,,,,,,,,,,,,85.84,85.84,22.5,22.5,4.59,4.59,38.55,38.55,43.5,43.5,,,,,,,0.0977,0.435,0.3688,0.0047,0.0938,0,11.3533,5.2679,14.1581,0.0967,9.7875,0.1191,0.3987,
2021,KIGOMA,146,54,200,94225,2856,200.0,43.5,750.0,175.0,166.0,85249.0,3.8663210125632,0.0045,,8.0,6.57,0,32.99,3.75,14.28,0.27,471.1,0.88,87.3,12.7,487730.0,4.5879815937378,39.5048840019058,109335.0,108424.0,0.9916678099419216,23.0,85.84,,22.5,,38.55,,43.5,,4.59,,85249.0,,2762.0,,86.57,86.57,22.75,22.75,4.5889907968689005,4.5889907968689005,39.0274420009529,39.0274420009529,43.5,43.5,0.1053,0.034,0.0363,0.0,0.0,0.0713,0.0916,0.435,0.3555,0.0041,0.0849,1,11.4535,5.3033,14.161,0.0908,10.005,0.1161,0.5241,1.4599999999999937
2022,KIGOMA,160,54,214,103278,3000,214.0,58.8785046728972,780.0,174.0,195.0,94225.0,4.73016715309101,0.005,,6.0,7.25,0,34.43,3.64,14.02,0.2523,482.6,0.81,87.79,12.21,522217.0,4.88961711903057,38.7341995273676,113205.0,112362.0,0.9925533324499801,24.0,87.3,85.84,23.0,22.5,39.5048840019058,38.55,43.5,43.5,4.5879815937378,4.59,94225.0,85249.0,2856.0,2762.0,87.545,86.97666666666667,23.5,23.166666666666668,4.738799356384185,4.689199570922789,39.1195417646367,38.9296945097578,51.189252336448604,48.62616822429907,0.0961,0.0504,0.07,0.3535,0.04,0.045700000000000005,0.1786,0.5888,0.3451,0.0046,0.0581,2,11.5452,5.3706,13.9156,0.1773,14.1312,0.1262,0.3171,1.9500000000000028
2023,KIGOMA,176,52,228,117572,3093,228.0,62.280701754386,690.0,176.0,162.0,103278.0,4.096709851081546,0.004,,10.0,8.05,0,38.01,3.03,13.57,0.2281,515.7,0.77,89.37,10.63,529596.0,4.82765190955621,42.04513154535075,117909.0,117206.0,0.9940377748941981,25.0,87.79,87.3,24.0,23.0,38.7341995273676,39.5048840019058,58.8785046728972,43.5,4.88961711903057,4.5879815937378,103278.0,94225.0,3000.0,2856.0,88.58000000000001,88.15333333333335,24.5,24.0,4.85863451429339,4.768416874108193,40.389665536359175,40.09473835820805,60.579603213641604,54.886402142427734,0.1384,0.031,0.0654,0.0578,-0.1154,0.1074,0.1761,0.6228,0.2873,0.0035,0.0851,3,11.6748,5.4337,13.4891,0.1751,15.57,0.1148,0.5668,3.530000000000001
2024,KIGOMA,187,55,242,127429,3240,242.0,64.4628099173554,1019.0,221.0,229.0,117572.0,4.19232470316062,0.0036,,10.0,,0,39.33,4.21,13.39,0.2273,526.6,0.91,,,,4.82027585377703,41.3765775246484,128686.0,127904.0,0.9939231928881153,26.0,89.37,87.79,25.0,24.0,42.04513154535075,38.7341995273676,62.280701754386,58.8785046728972,4.82765190955621,4.88961711903057,117572.0,103278.0,3093.0,3000.0,89.37,88.58000000000001,25.5,25.0,4.82396388166662,4.845848294121271,41.71085453499957,40.71863619912225,63.3717558358707,61.87400544821287,0.0838,0.0475,0.0614,0.035,0.4768,0.0363,0.2366,0.6446,0.3991,0.0033,0.0785,4,11.7553,5.4931,13.3086,0.2352,16.7596,0.1165,0.4793,
2020,KILIMANJARO,225,119,344,136627,6683,,91.5942028985507,3672.0,1101.0,417.0,,5.0,,,14.0,7.19,1,20.44,10.67,19.43,0.3459,397.2,3.2,85.84,14.16,435654.0,4.59,38.55,106006.0,104881.0,0.9893873931664245,22.5,,,,,,,,,,,,,,,85.84,85.84,22.5,22.5,4.59,4.59,38.55,38.55,91.5942028985507,91.5942028985507,,,,,,,0.7186,0.9159,1.0,0.0037,0.1025,0,11.825,5.8435,19.2238,0.711,20.6078,0.1191,0.5742,
2021,KILIMANJARO,228,117,345,136074,6718,345.0,91.5942028985507,3672.0,1101.0,417.0,136627.0,2.18478046067029,0.0016,,14.0,6.57,0,20.26,10.64,19.47,0.3391,394.4,3.19,87.3,12.7,487730.0,4.5879815937378,39.5048840019058,109335.0,108424.0,0.9916678099419216,23.0,85.84,,22.5,,38.55,,91.5942028985507,,4.59,,136627.0,,6683.0,,86.57,86.57,22.75,22.75,4.5889907968689005,4.5889907968689005,39.0274420009529,39.0274420009529,91.5942028985507,91.5942028985507,-0.004,0.0052,0.0029,0.0,0.0,-0.0092,0.7171,0.9159,1.0,0.0016,0.1029,1,11.821,5.8464,19.3078,0.7111,21.0657,0.1161,0.6997,1.4599999999999937
2022,KILIMANJARO,228,121,349,135080,6617,349.0,94.269340974212,3825.0,1223.0,443.0,136074.0,2.21717594838103,0.0016,,17.0,7.25,0,20.41,10.96,18.96,0.3467,387.0,3.5,87.79,12.21,522217.0,4.88961711903057,38.7341995273676,113205.0,112362.0,0.9925533324499801,24.0,87.3,85.84,23.0,22.5,39.5048840019058,38.55,91.5942028985507,91.5942028985507,4.5879815937378,4.59,136074.0,136627.0,6718.0,6683.0,87.545,86.97666666666667,23.5,23.166666666666668,4.738799356384185,4.689199570922789,39.1195417646367,38.9296945097578,92.93177193638135,92.4859155904378,-0.0073,-0.015,0.0116,0.0292,0.0417,0.007699999999999999,0.7566,0.9427,1.0,0.0016,0.1259,2,11.8136,5.8579,18.8188,0.751,22.6248,0.1262,0.4463,1.9500000000000028
2023,KILIMANJARO,233,124,357,137347,6733,357.0,95.5182072829132,2790.0,1066.0,391.0,135080.0,1.8825880959431447,0.0014,,14.0,8.05,0,20.4,7.82,18.86,0.3473,384.7,2.99,89.37,10.63,529596.0,4.82765190955621,42.04513154535075,117909.0,117206.0,0.9940377748941981,25.0,87.79,87.3,24.0,23.0,38.7341995273676,39.5048840019058,94.269340974212,91.5942028985507,4.88961711903057,4.5879815937378,135080.0,136074.0,6617.0,6718.0,88.58000000000001,88.15333333333335,24.5,24.0,4.85863451429339,4.768416874108193,40.389665536359175,40.09473835820805,94.8937741285626,93.79391705189198,0.0168,0.0175,0.0229,0.0132,-0.2706,-0.0007000000000000027,0.6331,0.9552,0.7414,0.0014,0.1019,3,11.8303,5.8805,18.7476,0.6293,23.88,0.1148,0.6881,3.530000000000001
2024,KILIMANJARO,245,126,371,144274,6870,371.0,96.7654986522911,3939.0,1335.0,496.0,137347.0,1.60105426401742,0.0012,,7.0,,0,21.0,10.62,18.52,0.3396,388.9,3.6,,,,4.82027585377703,41.3765775246484,128686.0,127904.0,0.9939231928881153,26.0,89.37,87.79,25.0,24.0,42.04513154535075,38.7341995273676,95.5182072829132,94.269340974212,4.82765190955621,4.88961711903057,137347.0,135080.0,6733.0,6617.0,89.37,88.58000000000001,25.5,25.0,4.82396388166662,4.845848294121271,41.71085453499957,40.71863619912225,96.14185296760215,95.51768230313877,0.0504,0.0203,0.0392,0.0131,0.4118,0.030100000000000002,0.7635,0.9677,1.0,0.0011,0.0485,4,11.8795,5.9189,18.4075,0.7589,25.1602,0.1165,0.5972,
2020,LINDI,123,7,130,40025,1575,,65.6488549618321,537.0,67.0,83.0,,3.0,,,4.0,7.19,1,25.41,4.13,12.12,0.0538,307.9,0.52,85.84,14.16,435654.0,4.59,38.55,106006.0,104881.0,0.9893873931664245,22.5,,,,,,,,,,,,,,,85.84,85.84,22.5,22.5,4.59,4.59,38.55,38.55,65.6488549618321,65.6488549618321,,,,,,,0.2262,0.6565,0.3915,0.0075,0.0999,0,10.5973,4.8752,11.9914,0.2238,14.7712,0.1191,0.4795,
2021,LINDI,124,7,131,43729,1686,131.0,65.6488549618321,537.0,67.0,83.0,40025.0,8.38475952529669,0.0209,,4.0,6.57,0,25.94,4.1,12.87,0.0534,333.8,0.51,87.3,12.7,487730.0,4.5879815937378,39.5048840019058,109335.0,108424.0,0.9916678099419216,23.0,85.84,,22.5,,38.55,,65.6488549618321,,4.59,,40025.0,,1575.0,,86.57,86.57,22.75,22.75,4.5889907968689005,4.5889907968689005,39.0274420009529,39.0274420009529,65.6488549618321,65.6488549618321,0.0925,0.0705,0.0077,0.0,0.0,0.022000000000000006,0.2247,0.6565,0.3887,0.0192,0.0915,1,10.6858,4.8828,12.7628,0.2228,15.0995,0.1161,0.605,1.4599999999999937
2022,LINDI,126,7,133,47973,1763,133.0,70.6766917293233,555.0,83.0,94.0,43729.0,9.58174209334766,0.0219,,1.0,7.25,0,27.21,4.17,13.26,0.0526,360.7,0.62,87.79,12.21,522217.0,4.88961711903057,38.7341995273676,113205.0,112362.0,0.9925533324499801,24.0,87.3,85.84,23.0,22.5,39.5048840019058,38.55,65.6488549618321,65.6488549618321,4.5879815937378,4.59,43729.0,40025.0,1686.0,1575.0,87.545,86.97666666666667,23.5,23.166666666666668,4.738799356384185,4.689199570922789,39.1195417646367,38.9296945097578,68.1627733455777,67.32480055099583,0.0971,0.0457,0.0153,0.0766,0.0335,0.05140000000000001,0.262,0.7068,0.3953,0.02,0.0208,2,10.7784,4.8978,13.1613,0.26,16.9632,0.1262,0.3602,1.9500000000000028
2023,LINDI,140,7,147,52298,1852,147.0,73.469387755102,448.0,130.0,88.0,47973.0,10.197402705688617,0.0213,,4.0,8.05,0,28.24,3.05,12.6,0.0476,355.8,0.88,89.37,10.63,529596.0,4.82765190955621,42.04513154535075,117909.0,117206.0,0.9940377748941981,25.0,87.79,87.3,24.0,23.0,38.7341995273676,39.5048840019058,70.6766917293233,65.6488549618321,4.88961711903057,4.5879815937378,47973.0,43729.0,1763.0,1686.0,88.58000000000001,88.15333333333335,24.5,24.0,4.85863451429339,4.768416874108193,40.389665536359175,40.09473835820805,72.07303974221264,69.93164481541913,0.0902,0.0505,0.1053,0.0395,-0.1928,0.0397,0.249,0.7347,0.2892,0.0195,0.0765,3,10.8647,4.9972,12.5249,0.2475,18.3675,0.1148,0.6076,3.530000000000001
2024,LINDI,150,7,157,55434,1905,157.0,75.7961783439491,921.0,179.0,137.0,52298.0,9.76710390454702,0.0187,,5.0,,0,29.1,5.87,12.13,0.0446,353.1,1.14,,,,4.82027585377703,41.3765775246484,128686.0,127904.0,0.9939231928881153,26.0,89.37,87.79,25.0,24.0,42.04513154535075,38.7341995273676,73.469387755102,70.6766917293233,4.82765190955621,4.88961711903057,52298.0,47973.0,1852.0,1763.0,89.37,88.58000000000001,25.5,25.0,4.82396388166662,4.845848294121271,41.71085453499957,40.71863619912225,74.63278304952556,73.31408594279146,0.06,0.0286,0.068,0.0317,1.0558,0.0314,0.3734,0.758,0.5565,0.0176,0.0902,4,10.923,5.0626,12.0563,0.3711,19.708,0.1165,0.5207,
2020,MANYARA,146,19,165,66199,3036,,67.6470588235294,761.0,160.0,117.0,,5.0,,,0.0,7.19,1,21.8,4.61,18.4,0.1152,401.2,0.97,85.84,14.16,435654.0,4.59,38.55,106006.0,104881.0,0.9893873931664245,22.5,,,,,,,,,,,,,,,85.84,85.84,22.5,22.5,4.59,4.59,38.55,38.55,67.6470588235294,67.6470588235294,,,,,,,0.2725,0.6765,0.437,0.0076,0.0,0,11.1004,5.112,18.2047,0.2696,15.2212,0.1191,0.4868,
2021,MANYARA,150,20,170,69719,3106,170.0,67.6470588235294,761.0,160.0,117.0,66199.0,5.61942023293403,0.0085,,0.0,6.57,0,22.45,4.48,18.27,0.1176,410.1,0.94,87.3,12.7,487730.0,4.5879815937378,39.5048840019058,109335.0,108424.0,0.9916678099419216,23.0,85.84,,22.5,,38.55,,67.6470588235294,,4.59,,66199.0,,3036.0,,86.57,86.57,22.75,22.75,4.5889907968689005,4.5889907968689005,39.0274420009529,39.0274420009529,67.6470588235294,67.6470588235294,0.0532,0.0231,0.0303,0.0,0.0,0.0301,0.2668,0.6765,0.4247,0.0081,0.0,1,11.1522,5.1417,18.1178,0.2646,15.5595,0.1161,0.6123,1.4599999999999937
2022,MANYARA,153,21,174,73908,3168,174.0,77.5862068965517,793.0,187.0,138.0,69719.0,6.12745449590499,0.0088,,5.0,7.25,0,23.33,4.56,18.21,0.1207,424.8,1.07,87.79,12.21,522217.0,4.88961711903057,38.7341995273676,113205.0,112362.0,0.9925533324499801,24.0,87.3,85.84,23.0,22.5,39.5048840019058,38.55,67.6470588235294,67.6470588235294,4.5879815937378,4.59,69719.0,66199.0,3106.0,3036.0,87.545,86.97666666666667,23.5,23.166666666666668,4.738799356384185,4.689199570922789,39.1195417646367,38.9296945097578,72.61663286004055,70.96010818120351,0.0601,0.02,0.0235,0.1469,0.042,0.0401,0.335,0.7759,0.4323,0.0083,0.0677,2,11.2106,5.1648,18.0744,0.3325,18.6216,0.1262,0.3854,1.9500000000000028
2023,MANYARA,163,20,183,80356,3293,183.0,81.4207650273224,714.0,298.0,154.0,73908.0,5.41348703793906,0.0073,,3.0,8.05,0,24.4,3.9,17.99,0.1093,439.1,1.63,89.37,10.63,529596.0,4.82765190955621,42.04513154535075,117909.0,117206.0,0.9940377748941981,25.0,87.79,87.3,24.0,23.0,38.7341995273676,39.5048840019058,77.5862068965517,67.6470588235294,4.88961711903057,4.5879815937378,73908.0,69719.0,3168.0,3106.0,88.58000000000001,88.15333333333335,24.5,24.0,4.85863451429339,4.768416874108193,40.389665536359175,40.09473835820805,79.50348596193706,75.55134358246784,0.0872,0.0395,0.0517,0.0494,-0.0996,0.0477,0.3562,0.8142,0.3697,0.0067,0.0373,3,11.2942,5.2149,17.8827,0.3541,20.355,0.1148,0.6367,3.530000000000001
2024,MANYARA,170,20,190,89532,3488,190.0,84.7368421052632,894.0,318.0,188.0,80356.0,4.84966897306984,0.006,,43.0,,0,25.67,4.71,18.36,0.1053,471.2,1.67,,,,4.82027585377703,41.3765775246484,128686.0,127904.0,0.9939231928881153,26.0,89.37,87.79,25.0,24.0,42.04513154535075,38.7341995273676,81.4207650273224,77.5862068965517,4.82765190955621,4.88961711903057,80356.0,73908.0,3293.0,3168.0,89.37,88.58000000000001,25.5,25.0,4.82396388166662,4.845848294121271,41.71085453499957,40.71863619912225,83.0788035662928,81.24793800971243,0.1142,0.0592,0.0383,0.0407,0.2521,0.05499999999999999,0.4067,0.8474,0.4465,0.0054,0.4803,4,11.4024,5.2523,18.2484,0.4042,22.0324,0.1165,0.5533,
2020,MARA,198,38,236,117082,3600,,71.2,990.0,327.0,184.0,,3.0,,,2.0,7.19,1,32.52,4.19,15.25,0.161,496.1,1.39,85.84,14.16,435654.0,4.59,38.55,106006.0,104881.0,0.9893873931664245,22.5,,,,,,,,,,,,,,,85.84,85.84,22.5,22.5,4.59,4.59,38.55,38.55,71.2,71.2,,,,,,,0.2952,0.712,0.3972,0.0026,0.0171,0,11.6706,5.4681,15.0882,0.2921,16.02,0.1191,0.4998,
2021,MARA,212,38,250,125879,3722,250.0,71.2,990.0,327.0,184.0,117082.0,3.79477631061991,0.0032,,2.0,6.57,0,33.82,3.96,14.89,0.152,503.5,1.31,87.3,12.7,487730.0,4.5879815937378,39.5048840019058,109335.0,108424.0,0.9916678099419216,23.0,85.84,,22.5,,38.55,,71.2,,4.59,,117082.0,,3600.0,,86.57,86.57,22.75,22.75,4.5889907968689005,4.5889907968689005,39.0274420009529,39.0274420009529,71.2,71.2,0.0751,0.0339,0.0593,0.0,0.0,0.0412,0.284,0.712,0.3754,0.003,0.0159,1,11.7431,5.5255,14.7659,0.2816,16.376,0.1161,0.6253,1.4599999999999937
2022,MARA,224,39,263,137467,3844,263.0,71.4828897338403,1019.0,295.0,205.0,125879.0,3.85926167192304,0.0031,,27.0,7.25,0,35.76,3.87,14.62,0.1483,522.7,1.12,87.79,12.21,522217.0,4.88961711903057,38.7341995273676,113205.0,112362.0,0.9925533324499801,24.0,87.3,85.84,23.0,22.5,39.5048840019058,38.55,71.2,71.2,4.5879815937378,4.59,125879.0,117082.0,3722.0,3600.0,87.545,86.97666666666667,23.5,23.166666666666668,4.738799356384185,4.689199570922789,39.1195417646367,38.9296945097578,71.34144486692014,71.29429657794677,0.0921,0.0328,0.052,0.004,0.0293,0.0593,0.2752,0.7148,0.3669,0.0028,0.1964,2,11.8311,5.5759,14.5111,0.2732,17.1552,0.1262,0.3631,1.9500000000000028
2023,MARA,238,40,278,154697,3902,278.0,72.6618705035971,785.0,272.0,204.0,137467.0,4.894992980133414,0.0036,,12.0,8.05,0,39.65,2.82,14.04,0.1439,556.5,0.98,89.37,10.63,529596.0,4.82765190955621,42.04513154535075,117909.0,117206.0,0.9940377748941981,25.0,87.79,87.3,24.0,23.0,38.7341995273676,39.5048840019058,71.4828897338403,71.2,4.88961711903057,4.5879815937378,137467.0,125879.0,3844.0,3722.0,88.58000000000001,88.15333333333335,24.5,24.0,4.85863451429339,4.768416874108193,40.389665536359175,40.09473835820805,72.0723801187187,71.78158674581246,0.1253,0.0151,0.057,0.0165,-0.2296,0.11019999999999999,0.2397,0.7266,0.2673,0.0032,0.0776,3,11.9492,5.6312,13.9563,0.2383,18.165,0.1148,0.6047,3.530000000000001
2024,MARA,262,38,300,166711,4112,300.0,72.3333333333333,1181.0,353.0,237.0,154697.0,4.08799136376271,0.0026,,10.0,,0,40.54,3.94,13.71,0.1267,555.7,1.18,,,,4.82027585377703,41.3765775246484,128686.0,127904.0,0.9939231928881153,26.0,89.37,87.79,25.0,24.0,42.04513154535075,38.7341995273676,72.6618705035971,71.4828897338403,4.82765190955621,4.88961711903057,154697.0,137467.0,3902.0,3844.0,89.37,88.58000000000001,25.5,25.0,4.82396388166662,4.845848294121271,41.71085453499957,40.71863619912225,72.4976019184652,72.15936452359023,0.0777,0.0538,0.0791,-0.0045,0.5045,0.023900000000000005,0.2852,0.7233,0.3735,0.0025,0.06,4,12.024,5.7071,13.6267,0.2835,18.8058,0.1165,0.5081,
2020,MBEYA,171,71,242,129157,5695,,83.9357429718875,1367.0,287.0,309.0,,7.0,,,10.0,7.19,1,22.68,5.65,23.53,0.2934,533.7,1.19,85.84,14.16,435654.0,4.59,38.55,106006.0,104881.0,0.9893873931664245,22.5,,,,,,,,,,,,,,,85.84,85.84,22.5,22.5,4.59,4.59,38.55,38.55,83.9357429718875,83.9357429718875,,,,,,,0.417,0.8394,0.5356,0.0054,0.0774,0,11.7688,5.4931,23.2803,0.4126,18.8865,0.1191,0.5463,
2021,MBEYA,175,74,249,135797,5733,249.0,83.9357429718875,1367.0,287.0,309.0,129157.0,2.88640956355443,0.0022,,10.0,6.57,0,23.69,5.49,23.02,0.2972,545.4,1.15,87.3,12.7,487730.0,4.5879815937378,39.5048840019058,109335.0,108424.0,0.9916678099419216,23.0,85.84,,22.5,,38.55,,83.9357429718875,,4.59,,129157.0,,5695.0,,86.57,86.57,22.75,22.75,4.5889907968689005,4.5889907968689005,39.0274420009529,39.0274420009529,83.9357429718875,83.9357429718875,0.0514,0.0067,0.0289,0.0,0.0,0.044700000000000004,0.4098,0.8394,0.5205,0.0021,0.0736,1,11.8189,5.5215,22.8282,0.4064,19.3062,0.1161,0.6718,1.4599999999999937
2022,MBEYA,187,76,263,140402,5816,263.0,84.7908745247148,1529.0,330.0,324.0,135797.0,2.88666170828516,0.0021,,7.0,7.25,0,24.14,5.81,22.11,0.289,533.8,1.25,87.79,12.21,522217.0,4.88961711903057,38.7341995273676,113205.0,112362.0,0.9925533324499801,24.0,87.3,85.84,23.0,22.5,39.5048840019058,38.55,83.9357429718875,83.9357429718875,4.5879815937378,4.59,135797.0,129157.0,5733.0,5695.0,87.545,86.97666666666667,23.5,23.166666666666668,4.738799356384185,4.689199570922789,39.1195417646367,38.9296945097578,84.36330874830115,84.22078682282994,0.0339,0.0145,0.0562,0.0102,0.1185,0.0194,0.4302,0.8479,0.5508,0.0021,0.0499,2,11.8523,5.5759,21.9454,0.427,20.3496,0.1262,0.4117,1.9500000000000028
2023,MBEYA,203,71,274,148564,6061,274.0,83.5766423357664,1526.0,326.0,284.0,140402.0,3.4707482799390323,0.0025,,8.0,8.05,0,24.51,5.57,22.12,0.2591,542.2,1.19,89.37,10.63,529596.0,4.82765190955621,42.04513154535075,117909.0,117206.0,0.9940377748941981,25.0,87.79,87.3,24.0,23.0,38.7341995273676,39.5048840019058,84.7908745247148,83.9357429718875,4.88961711903057,4.5879815937378,140402.0,135797.0,5816.0,5733.0,88.58000000000001,88.15333333333335,24.5,24.0,4.85863451429339,4.768416874108193,40.389665536359175,40.09473835820805,84.1837584302406,84.10108661078955,0.0581,0.0421,0.0418,-0.0143,-0.002,0.016,0.412,0.8358,0.5281,0.0023,0.0538,3,11.9088,5.6168,21.9881,0.4095,20.895,0.1148,0.6445,3.530000000000001
2024,MBEYA,214,72,286,154816,6286,286.0,90.2097902097902,1896.0,367.0,360.0,148564.0,2.89706793031959,0.002,,3.0,,0,24.63,6.63,21.98,0.2517,541.3,1.28,,,,4.82027585377703,41.3765775246484,128686.0,127904.0,0.9939231928881153,26.0,89.37,87.79,25.0,24.0,42.04513154535075,38.7341995273676,83.5766423357664,84.7908745247148,4.82765190955621,4.88961711903057,148564.0,140402.0,6061.0,5816.0,89.37,88.58000000000001,25.5,25.0,4.82396388166662,4.845848294121271,41.71085453499957,40.71863619912225,86.89321627277829,86.19243569009046,0.0421,0.0371,0.0438,0.0794,0.2425,0.0049999999999999975,0.4935,0.9021,0.6286,0.0019,0.0194,4,11.95,5.6595,21.8464,0.4905,23.4546,0.1165,0.5733,
2020,MOROGORO,186,64,250,125172,5605,,72.0930232558139,1859.0,433.0,283.0,,7.0,,,4.0,7.19,1,22.33,7.44,22.42,0.256,500.7,1.73,85.84,14.16,435654.0,4.59,38.55,106006.0,104881.0,0.9893873931664245,22.5,,,,,,,,,,,,,,,85.84,85.84,22.5,22.5,4.59,4.59,38.55,38.55,72.0930232558139,72.0930232558139,,,,,,,0.4291,0.7209,0.7053,0.0056,0.032,0,11.7375,5.5255,22.1821,0.4245,16.2202,0.1191,0.503,
2021,MOROGORO,194,64,258,140380,5688,258.0,72.0930232558139,1859.0,433.0,283.0,125172.0,3.35058958872591,0.0027,,4.0,6.57,0,24.68,7.21,22.05,0.2481,544.1,1.68,87.3,12.7,487730.0,4.5879815937378,39.5048840019058,109335.0,108424.0,0.9916678099419216,23.0,85.84,,22.5,,38.55,,72.0930232558139,,4.59,,125172.0,,5605.0,,86.57,86.57,22.75,22.75,4.5889907968689005,4.5889907968689005,39.0274420009529,39.0274420009529,72.0930232558139,72.0930232558139,0.1215,0.0148,0.032,0.0,0.0,0.10669999999999999,0.4191,0.7209,0.6835,0.0024,0.0285,1,11.8521,5.5568,21.8663,0.4156,16.5807,0.1161,0.6285,1.4599999999999937
2022,MOROGORO,210,66,276,151354,5724,276.0,76.0869565217391,1719.0,445.0,290.0,140380.0,3.39720757942727,0.0024,,16.0,7.25,0,26.44,6.23,20.74,0.2391,548.4,1.61,87.79,12.21,522217.0,4.88961711903057,38.7341995273676,113205.0,112362.0,0.9925533324499801,24.0,87.3,85.84,23.0,22.5,39.5048840019058,38.55,72.0930232558139,72.0930232558139,4.5879815937378,4.59,140380.0,125172.0,5688.0,5605.0,87.545,86.97666666666667,23.5,23.166666666666668,4.738799356384185,4.689199570922789,39.1195417646367,38.9296945097578,74.0899898887765,73.42433434445563,0.0782,0.0063,0.0698,0.0554,-0.0753,0.0719,0.4058,0.7609,0.5906,0.0022,0.1057,2,11.9274,5.624,20.5856,0.4028,18.2616,0.1262,0.3799,1.9500000000000028
2023,MOROGORO,232,67,299,163406,6015,299.0,76.5886287625418,1257.0,415.0,254.0,151354.0,3.1436235580163063,0.0021,,14.0,8.05,0,27.17,4.2,20.12,0.2241,546.5,1.39,89.37,10.63,529596.0,4.82765190955621,42.04513154535075,117909.0,117206.0,0.9940377748941981,25.0,87.79,87.3,24.0,23.0,38.7341995273676,39.5048840019058,76.0869565217391,72.0930232558139,4.88961711903057,4.5879815937378,151354.0,140380.0,5724.0,5688.0,88.58000000000001,88.15333333333335,24.5,24.0,4.85863451429339,4.768416874108193,40.389665536359175,40.09473835820805,76.33779264214044,74.92286951336494,0.0796,0.0508,0.0833,0.0066,-0.2688,0.028800000000000006,0.3283,0.7659,0.3982,0.0019,0.0857,3,12.004,5.7038,20.0,0.3263,19.1475,0.1148,0.619,3.530000000000001
2024,MOROGORO,247,69,316,173932,6297,316.0,79.4303797468354,1742.0,518.0,388.0,163406.0,3.31077194227874,0.002,,14.0,,0,27.62,5.51,19.93,0.2184,550.4,1.64,,,,4.82027585377703,41.3765775246484,128686.0,127904.0,0.9939231928881153,26.0,89.37,87.79,25.0,24.0,42.04513154535075,38.7341995273676,76.5886287625418,76.0869565217391,4.82765190955621,4.88961711903057,163406.0,151354.0,6015.0,5724.0,89.37,88.58000000000001,25.5,25.0,4.82396388166662,4.845848294121271,41.71085453499957,40.71863619912225,78.00950425468861,77.3686550103721,0.0644,0.0469,0.0569,0.0371,0.3858,0.0175,0.4017,0.7943,0.5224,0.0019,0.0805,4,12.0664,5.7589,19.8089,0.3993,20.6518,0.1165,0.534,
2020,MTWARA,140,13,153,61800,2443,,61.0062893081761,601.0,166.0,108.0,,3.0,,,2.0,7.19,1,25.3,3.93,15.97,0.085,403.9,1.08,85.84,14.16,435654.0,4.59,38.55,106006.0,104881.0,0.9893873931664245,22.5,,,,,,,,,,,,,,,85.84,85.84,22.5,22.5,4.59,4.59,38.55,38.55,61.0062893081761,61.0062893081761,,,,,,,0.2121,0.6101,0.3726,0.0049,0.0324,0,11.0317,5.037,15.8005,0.2098,13.7272,0.1191,0.4626,
2021,MTWARA,146,13,159,67052,2466,159.0,61.0062893081761,601.0,166.0,108.0,61800.0,7.40614886731392,0.012,,2.0,6.57,0,27.19,3.78,15.51,0.0818,421.7,1.04,87.3,12.7,487730.0,4.5879815937378,39.5048840019058,109335.0,108424.0,0.9916678099419216,23.0,85.84,,22.5,,38.55,,61.0062893081761,,4.59,,61800.0,,2443.0,,86.57,86.57,22.75,22.75,4.5889907968689005,4.5889907968689005,39.0274420009529,39.0274420009529,61.0062893081761,61.0062893081761,0.085,0.0094,0.0392,0.0,0.0,0.0756,0.2053,0.6101,0.3584,0.011,0.0298,1,11.1132,5.0752,15.3808,0.2036,14.0323,0.1161,0.5881,1.4599999999999937
2022,MTWARA,151,13,164,72939,2458,164.0,65.8536585365854,644.0,181.0,108.0,67052.0,6.2339676668854,0.0093,,2.0,7.25,0,29.67,3.93,14.99,0.0793,444.8,1.1,87.79,12.21,522217.0,4.88961711903057,38.7341995273676,113205.0,112362.0,0.9925533324499801,24.0,87.3,85.84,23.0,22.5,39.5048840019058,38.55,61.0062893081761,61.0062893081761,4.5879815937378,4.59,67052.0,61800.0,2466.0,2443.0,87.545,86.97666666666667,23.5,23.166666666666668,4.738799356384185,4.689199570922789,39.1195417646367,38.9296945097578,63.42997392238075,62.6220790509792,0.0878,-0.0032,0.0314,0.0795,0.0715,0.091,0.2424,0.6585,0.3726,0.0085,0.0274,2,11.1974,5.1059,14.8784,0.2406,15.804,0.1262,0.3426,1.9500000000000028
2023,MTWARA,166,13,179,77875,2570,179.0,65.9217877094972,573.0,165.0,110.0,72939.0,7.901122856085221,0.0108,,4.0,8.05,0,30.3,3.2,14.36,0.0726,435.1,0.92,89.37,10.63,529596.0,4.82765190955621,42.04513154535075,117909.0,117206.0,0.9940377748941981,25.0,87.79,87.3,24.0,23.0,38.7341995273676,39.5048840019058,65.8536585365854,61.0062893081761,4.88961711903057,4.5879815937378,72939.0,67052.0,2458.0,2466.0,88.58000000000001,88.15333333333335,24.5,24.0,4.85863451429339,4.768416874108193,40.389665536359175,40.09473835820805,65.8877231230413,64.26057851808623,0.0677,0.0456,0.0915,0.001,-0.1102,0.022099999999999995,0.21,0.6592,0.3034,0.0101,0.0514,3,11.2629,5.193,14.2744,0.2087,16.48,0.1148,0.5801,3.530000000000001
2024,MTWARA,179,14,193,80302,2631,193.0,67.8756476683938,795.0,219.0,161.0,77875.0,8.82568218298555,0.0113,,4.0,,0,30.52,4.12,13.63,0.0725,416.1,1.13,,,,4.82027585377703,41.3765775246484,128686.0,127904.0,0.9939231928881153,26.0,89.37,87.79,25.0,24.0,42.04513154535075,38.7341995273676,65.9217877094972,65.8536585365854,4.82765190955621,4.88961711903057,77875.0,72939.0,2570.0,2458.0,89.37,88.58000000000001,25.5,25.0,4.82396388166662,4.845848294121271,41.71085453499957,40.71863619912225,66.89871768894548,66.5503646381588,0.0312,0.0237,0.0782,0.0296,0.3874,0.0075,0.2626,0.6788,0.3906,0.011,0.0498,4,11.2936,5.2679,13.5472,0.261,17.6488,0.1165,0.4918,
2020,MWANZA,211,82,293,186267,6820,,76.8976897689769,1529.0,422.0,296.0,,6.0,,,1.0,7.19,1,27.31,5.22,23.28,0.2799,635.7,1.44,85.84,14.16,435654.0,4.59,38.55,106006.0,104881.0,0.9893873931664245,22.5,,,,,,,,,,,,,,,85.84,85.84,22.5,22.5,4.59,4.59,38.55,38.55,76.8976897689769,76.8976897689769,,,,,,,0.3684,0.769,0.4949,0.0032,0.0054,0,12.1349,5.6836,23.0329,0.3645,17.3025,0.1191,0.5206,
2021,MWANZA,220,83,303,201358,6851,303.0,76.8976897689769,1529.0,422.0,296.0,186267.0,4.56548932446434,0.0025,,1.0,6.57,0,29.39,5.05,22.61,0.2739,664.5,1.39,87.3,12.7,487730.0,4.5879815937378,39.5048840019058,109335.0,108424.0,0.9916678099419216,23.0,85.84,,22.5,,38.55,,76.8976897689769,,4.59,,186267.0,,6820.0,,86.57,86.57,22.75,22.75,4.5889907968689005,4.5889907968689005,39.0274420009529,39.0274420009529,76.8976897689769,76.8976897689769,0.081,0.0045,0.0341,0.0,0.0,0.0765,0.3604,0.769,0.4788,0.0023,0.005,1,12.2128,5.717,22.4216,0.3574,17.687,0.1161,0.6461,1.4599999999999937
2022,MWANZA,235,83,318,211744,6872,318.0,77.6729559748428,1496.0,439.0,333.0,201358.0,4.96329919844258,0.0025,,5.0,7.25,0,30.81,4.7,21.61,0.261,665.9,1.38,87.79,12.21,522217.0,4.88961711903057,38.7341995273676,113205.0,112362.0,0.9925533324499801,24.0,87.3,85.84,23.0,22.5,39.5048840019058,38.55,76.8976897689769,76.8976897689769,4.5879815937378,4.59,201358.0,186267.0,6851.0,6820.0,87.545,86.97666666666667,23.5,23.166666666666668,4.738799356384185,4.689199570922789,39.1195417646367,38.9296945097578,77.28532287190984,77.15611183759887,0.0516,0.0031,0.0495,0.0101,-0.0216,0.0485,0.3523,0.7767,0.4456,0.0023,0.0236,2,12.2631,5.7652,21.4491,0.3497,18.6408,0.1262,0.3857,1.9500000000000028
2023,MWANZA,250,88,338,237677,7193,338.0,80.1775147928994,1289.0,411.0,291.0,211744.0,4.296225630950582,0.002,,10.0,8.05,0,33.04,3.81,21.28,0.2604,703.2,1.22,89.37,10.63,529596.0,4.82765190955621,42.04513154535075,117909.0,117206.0,0.9940377748941981,25.0,87.79,87.3,24.0,23.0,38.7341995273676,39.5048840019058,77.6729559748428,76.8976897689769,4.88961711903057,4.5879815937378,211744.0,201358.0,6872.0,6851.0,88.58000000000001,88.15333333333335,24.5,24.0,4.85863451429339,4.768416874108193,40.389665536359175,40.09473835820805,78.9252353838711,78.24938684557303,0.1225,0.0467,0.0629,0.0322,-0.1384,0.0758,0.3298,0.8018,0.3612,0.0018,0.0421,3,12.3787,5.826,21.1531,0.3278,20.045,0.1148,0.6321,3.530000000000001
2024,MWANZA,272,86,358,251929,7536,358.0,85.4748603351955,1534.0,555.0,394.0,237677.0,4.24020834998759,0.0018,,28.0,,0,33.43,4.28,21.05,0.2402,703.7,1.55,,,,4.82027585377703,41.3765775246484,128686.0,127904.0,0.9939231928881153,26.0,89.37,87.79,25.0,24.0,42.04513154535075,38.7341995273676,80.1775147928994,77.6729559748428,4.82765190955621,4.88961711903057,237677.0,211744.0,7193.0,6872.0,89.37,88.58000000000001,25.5,25.0,4.82396388166662,4.845848294121271,41.71085453499957,40.71863619912225,82.82618756404744,81.10844370097924,0.06,0.0477,0.0592,0.0661,0.1901,0.012299999999999998,0.3913,0.8547,0.4058,0.0017,0.1111,4,12.4369,5.8833,20.9221,0.3889,22.2222,0.1165,0.556,
2020,NJOMBE,88,35,123,52524,2809,,72.8682170542636,782.0,338.0,151.0,,3.0,,,1.0,7.19,1,18.7,6.36,22.84,0.2846,427.0,2.75,85.84,14.16,435654.0,4.59,38.55,106006.0,104881.0,0.9893873931664245,22.5,,,,,,,,,,,,,,,85.84,85.84,22.5,22.5,4.59,4.59,38.55,38.55,72.8682170542636,72.8682170542636,,,,,,,0.4342,0.7287,0.603,0.0057,0.019,0,10.869,4.8203,22.5976,0.4296,16.3958,0.1191,0.5059,
2021,NJOMBE,90,39,129,55108,2814,129.0,72.8682170542636,782.0,338.0,151.0,52524.0,4.58457086284365,0.0087,,1.0,6.57,0,19.58,6.06,21.81,0.3023,427.2,2.62,87.3,12.7,487730.0,4.5879815937378,39.5048840019058,109335.0,108424.0,0.9916678099419216,23.0,85.84,,22.5,,38.55,,72.8682170542636,,4.59,,52524.0,,2809.0,,86.57,86.57,22.75,22.75,4.5889907968689005,4.5889907968689005,39.0274420009529,39.0274420009529,72.8682170542636,72.8682170542636,0.0492,0.0018,0.0488,0.0,0.0,0.0474,0.4186,0.7287,0.5745,0.0083,0.0181,1,10.9171,4.8675,21.6283,0.4151,16.7601,0.1161,0.6314,1.4599999999999937
2022,NJOMBE,96,43,139,57241,2866,139.0,72.6618705035971,968.0,309.0,166.0,55108.0,4.1663642302388,0.0076,,2.0,7.25,0,19.97,6.96,20.62,0.3094,411.8,2.22,87.79,12.21,522217.0,4.88961711903057,38.7341995273676,113205.0,112362.0,0.9925533324499801,24.0,87.3,85.84,23.0,22.5,39.5048840019058,38.55,72.8682170542636,72.8682170542636,4.5879815937378,4.59,55108.0,52524.0,2814.0,2809.0,87.545,86.97666666666667,23.5,23.166666666666668,4.738799356384185,4.689199570922789,39.1195417646367,38.9296945097578,72.76504377893035,72.7994348707081,0.0387,0.0185,0.0775,-0.0028,0.2379,0.0202,0.4342,0.7266,0.6598,0.0073,0.0349,2,10.955,4.9416,20.4664,0.431,17.4384,0.1262,0.3674,1.9500000000000028
2023,NJOMBE,103,43,146,59508,2882,146.0,71.9178082191781,798.0,291.0,138.0,57241.0,3.8032179731311477,0.0066,,3.0,8.05,0,20.65,5.47,19.74,0.2945,407.6,1.99,89.37,10.63,529596.0,4.82765190955621,42.04513154535075,117909.0,117206.0,0.9940377748941981,25.0,87.79,87.3,24.0,23.0,38.7341995273676,39.5048840019058,72.6618705035971,72.8682170542636,4.88961711903057,4.5879815937378,57241.0,55108.0,2866.0,2814.0,88.58000000000001,88.15333333333335,24.5,24.0,4.85863451429339,4.768416874108193,40.389665536359175,40.09473835820805,72.2898393613876,72.4826319256796,0.0396,0.0056,0.0504,-0.0102,-0.1756,0.034,0.3679,0.7192,0.5186,0.0064,0.0504,3,10.9939,4.9904,19.6223,0.3657,17.98,0.1148,0.602,3.530000000000001
2024,NJOMBE,110,44,154,64543,2925,154.0,76.6233766233766,1058.0,358.0,208.0,59508.0,3.42811050615043,0.0058,,3.0,,0,22.07,6.87,18.99,0.2857,419.1,2.32,,,,4.82027585377703,41.3765775246484,128686.0,127904.0,0.9939231928881153,26.0,89.37,87.79,25.0,24.0,42.04513154535075,38.7341995273676,71.9178082191781,72.6618705035971,4.82765190955621,4.88961711903057,59508.0,57241.0,2882.0,2866.0,89.37,88.58000000000001,25.5,25.0,4.82396388166662,4.845848294121271,41.71085453499957,40.71863619912225,74.27059242127734,73.73435178205061,0.0846,0.0149,0.0548,0.0654,0.3258,0.0697,0.4589,0.7662,0.6513,0.0053,0.0465,4,11.0751,5.0434,18.8746,0.4561,19.9212,0.1165,0.5237,
2020,PWANI,119,74,193,94779,4989,,85.5,2075.0,462.0,220.0,,4.0,,,5.0,7.19,1,19.0,10.75,25.85,0.3834,491.1,2.39,85.84,14.16,435654.0,4.59,38.55,106006.0,104881.0,0.9893873931664245,22.5,,,,,,,,,,,,,,,85.84,85.84,22.5,22.5,4.59,4.59,38.55,38.55,85.5,85.5,,,,,,,0.6536,0.855,1.0,0.0042,0.0528,0,11.4593,5.2679,25.5757,0.6467,19.2375,0.1191,0.552,
2021,PWANI,125,75,200,109578,5095,200.0,85.5,2075.0,462.0,220.0,94779.0,2.33912575570538,0.0025,,5.0,6.57,0,21.51,10.38,25.48,0.375,547.9,2.31,87.3,12.7,487730.0,4.5879815937378,39.5048840019058,109335.0,108424.0,0.9916678099419216,23.0,85.84,,22.5,,38.55,,85.5,,4.59,,94779.0,,4989.0,,86.57,86.57,22.75,22.75,4.5889907968689005,4.5889907968689005,39.0274420009529,39.0274420009529,85.5,85.5,0.1561,0.0212,0.0363,0.0,0.0,0.1349,0.6374,0.855,0.9841,0.0021,0.0456,1,11.6044,5.3033,25.2677,0.6321,19.665,0.1161,0.6775,1.4599999999999937
2022,PWANI,137,82,219,122860,5280,219.0,88.1278538812785,1934.0,486.0,248.0,109578.0,2.4338827136834,0.0022,,14.0,7.25,0,23.27,8.83,24.11,0.3744,561.0,2.22,87.79,12.21,522217.0,4.88961711903057,38.7341995273676,113205.0,112362.0,0.9925533324499801,24.0,87.3,85.84,23.0,22.5,39.5048840019058,38.55,85.5,85.5,4.5879815937378,4.59,109578.0,94779.0,5095.0,4989.0,87.545,86.97666666666667,23.5,23.166666666666668,4.738799356384185,4.689199570922789,39.1195417646367,38.9296945097578,86.81392694063925,86.3759512937595,0.1212,0.0363,0.095,0.0307,-0.068,0.0849,0.5948,0.8813,0.8371,0.002,0.114,2,11.7188,5.3936,23.9305,0.5904,21.1512,0.1262,0.4239,1.9500000000000028
2023,PWANI,162,84,246,136855,5591,246.0,84.5528455284553,1901.0,431.0,217.0,122860.0,3.7131694611753217,0.003,,28.0,8.05,0,24.48,7.73,22.73,0.3415,556.3,1.75,89.37,10.63,529596.0,4.82765190955621,42.04513154535075,117909.0,117206.0,0.9940377748941981,25.0,87.79,87.3,24.0,23.0,38.7341995273676,39.5048840019058,88.1278538812785,85.5,4.88961711903057,4.5879815937378,122860.0,109578.0,5280.0,5095.0,88.58000000000001,88.15333333333335,24.5,24.0,4.85863451429339,4.768416874108193,40.389665536359175,40.09473835820805,86.3403497048669,86.06023313657793,0.1139,0.0589,0.1233,-0.0406,-0.0171,0.055,0.516,0.8455,0.7328,0.0027,0.2046,3,11.8267,5.5094,22.5945,0.5129,21.1375,0.1148,0.6481,3.530000000000001
2024,PWANI,176,88,264,149693,5936,264.0,85.2272727272727,2385.0,683.0,321.0,136855.0,3.01852325453948,0.0022,,19.0,,0,25.22,9.03,22.48,0.3333,567.0,2.59,,,,4.82027585377703,41.3765775246484,128686.0,127904.0,0.9939231928881153,26.0,89.37,87.79,25.0,24.0,42.04513154535075,38.7341995273676,84.5528455284553,88.1278538812785,4.82765190955621,4.88961711903057,136855.0,122860.0,5591.0,5280.0,89.37,88.58000000000001,25.5,25.0,4.82396388166662,4.845848294121271,41.71085453499957,40.71863619912225,84.89005912786399,85.96932404566883,0.0938,0.0617,0.0732,0.008,0.2546,0.0321,0.5983,0.8523,0.8561,0.002,0.1269,4,11.9163,5.5797,22.3434,0.5947,22.1598,0.1165,0.5551,
2020,RUKWA,72,23,95,47679,1743,,62.8865979381443,294.0,186.0,71.0,,4.0,,,0.0,7.19,1,27.35,3.09,18.35,0.2421,501.9,1.96,85.84,14.16,435654.0,4.59,38.55,106006.0,104881.0,0.9893873931664245,22.5,,,,,,,,,,,,,,,85.84,85.84,22.5,22.5,4.59,4.59,38.55,38.55,62.8865979381443,62.8865979381443,,,,,,,0.2271,0.6289,0.2929,0.0084,0.0,0,10.7723,4.5643,18.1553,0.2247,14.1502,0.1191,0.4694,
2021,RUKWA,73,24,97,51199,1763,97.0,62.8865979381443,294.0,186.0,71.0,47679.0,6.58151387403259,0.0138,,0.0,6.57,0,29.04,3.03,18.18,0.2474,527.8,1.92,87.3,12.7,487730.0,4.5879815937378,39.5048840019058,109335.0,108424.0,0.9916678099419216,23.0,85.84,,22.5,,38.55,,62.8865979381443,,4.59,,47679.0,,1743.0,,86.57,86.57,22.75,22.75,4.5889907968689005,4.5889907968689005,39.0274420009529,39.0274420009529,62.8865979381443,62.8865979381443,0.0738,0.0115,0.0211,0.0,0.0,0.06230000000000001,0.2235,0.6289,0.2873,0.0129,0.0,1,10.8435,4.585,18.0285,0.2216,14.4647,0.1161,0.5949,1.4599999999999937
2022,RUKWA,73,24,97,55898,1801,97.0,73.1958762886598,316.0,176.0,82.0,51199.0,6.33020176175316,0.0124,,1.0,7.25,0,31.04,3.26,18.57,0.2474,576.3,1.81,87.79,12.21,522217.0,4.88961711903057,38.7341995273676,113205.0,112362.0,0.9925533324499801,24.0,87.3,85.84,23.0,22.5,39.5048840019058,38.55,62.8865979381443,62.8865979381443,4.5879815937378,4.59,51199.0,47679.0,1763.0,1743.0,87.545,86.97666666666667,23.5,23.166666666666668,4.738799356384185,4.689199570922789,39.1195417646367,38.9296945097578,68.04123711340205,66.3230240549828,0.0918,0.0216,0.0,0.1639,0.0748,0.07020000000000001,0.2902,0.732,0.3091,0.0113,0.0179,2,10.9313,4.585,18.4317,0.288,17.568,0.1262,0.3694,1.9500000000000028
2023,RUKWA,81,26,107,63514,1822,107.0,76.6355140186916,250.0,159.0,84.0,55898.0,5.477834627356971,0.0098,,4.0,8.05,0,34.86,2.34,17.03,0.243,593.6,1.49,89.37,10.63,529596.0,4.82765190955621,42.04513154535075,117909.0,117206.0,0.9940377748941981,25.0,87.79,87.3,24.0,23.0,38.7341995273676,39.5048840019058,73.1958762886598,62.8865979381443,4.88961711903057,4.5879815937378,55898.0,51199.0,1801.0,1763.0,88.58000000000001,88.15333333333335,24.5,24.0,4.85863451429339,4.768416874108193,40.389665536359175,40.09473835820805,74.9156951536757,70.9059960818319,0.1362,0.0117,0.1031,0.047,-0.2089,0.12449999999999999,0.2662,0.7664,0.2218,0.0086,0.063,3,11.059,4.6821,16.9285,0.2646,19.16,0.1148,0.6192,3.530000000000001
2024,RUKWA,86,26,112,66079,1935,112.0,84.8214285714286,437.0,212.0,112.0,63514.0,6.71348049248984,0.0106,,4.0,,0,34.15,3.9,17.28,0.2321,590.0,1.89,,,,4.82027585377703,41.3765775246484,128686.0,127904.0,0.9939231928881153,26.0,89.37,87.79,25.0,24.0,42.04513154535075,38.7341995273676,76.6355140186916,73.1958762886598,4.82765190955621,4.88961711903057,63514.0,55898.0,1822.0,1801.0,89.37,88.58000000000001,25.5,25.0,4.82396388166662,4.845848294121271,41.71085453499957,40.71863619912225,80.7284712950601,78.21760629292667,0.0404,0.062,0.0467,0.1068,0.748,-0.0216,0.3867,0.8482,0.3697,0.0102,0.0605,4,11.0986,4.7274,17.175,0.3844,22.0532,0.1165,0.5536,
2020,RUVUMA,150,55,205,79880,3488,,53.5545023696682,701.0,423.0,124.0,,4.0,,,0.0,7.19,1,22.9,3.42,17.01,0.2683,389.7,2.06,85.84,14.16,435654.0,4.59,38.55,106006.0,104881.0,0.9893873931664245,22.5,,,,,,,,,,,,,,,85.84,85.84,22.5,22.5,4.59,4.59,38.55,38.55,53.5545023696682,53.5545023696682,,,,,,,0.1859,0.5355,0.3242,0.005,0.0,0,11.2883,5.3279,16.8295,0.1839,12.0488,0.1191,0.4354,
2021,RUVUMA,157,54,211,84062,3592,211.0,53.5545023696682,701.0,423.0,124.0,79880.0,5.38808212318478,0.0067,,0.0,6.57,0,23.4,3.32,17.02,0.2559,398.4,2.0,87.3,12.7,487730.0,4.5879815937378,39.5048840019058,109335.0,108424.0,0.9916678099419216,23.0,85.84,,22.5,,38.55,,53.5545023696682,,4.59,,79880.0,,3488.0,,86.57,86.57,22.75,22.75,4.5889907968689005,4.5889907968689005,39.0274420009529,39.0274420009529,53.5545023696682,53.5545023696682,0.0524,0.0298,0.0293,0.0,0.0,0.022600000000000002,0.18,0.5355,0.3148,0.0064,0.0,1,11.3393,5.3566,16.8782,0.1785,12.3165,0.1161,0.5608,1.4599999999999937
2022,RUVUMA,159,58,217,86520,3662,217.0,60.36866359447,820.0,351.0,149.0,84062.0,5.41505079584117,0.0064,,0.0,7.25,0,23.63,3.78,16.88,0.2673,398.7,1.62,87.79,12.21,522217.0,4.88961711903057,38.7341995273676,113205.0,112362.0,0.9925533324499801,24.0,87.3,85.84,23.0,22.5,39.5048840019058,38.55,53.5545023696682,53.5545023696682,4.5879815937378,4.59,84062.0,79880.0,3592.0,3488.0,87.545,86.97666666666667,23.5,23.166666666666668,4.738799356384185,4.689199570922789,39.1195417646367,38.9296945097578,56.9615829820691,55.82588944460213,0.0292,0.0195,0.0284,0.1272,0.1698,0.0097,0.2234,0.6037,0.3584,0.0063,0.0,2,11.3681,5.3845,16.7543,0.2217,14.4888,0.1262,0.3226,1.9500000000000028
2023,RUVUMA,173,58,231,91063,3777,231.0,61.038961038961,622.0,222.0,142.0,86520.0,5.618354137771613,0.0065,,17.0,8.05,0,24.11,2.69,16.35,0.2511,394.2,0.96,89.37,10.63,529596.0,4.82765190955621,42.04513154535075,117909.0,117206.0,0.9940377748941981,25.0,87.79,87.3,24.0,23.0,38.7341995273676,39.5048840019058,60.36866359447,53.5545023696682,4.88961711903057,4.5879815937378,86520.0,84062.0,3662.0,3592.0,88.58000000000001,88.15333333333335,24.5,24.0,4.85863451429339,4.768416874108193,40.389665536359175,40.09473835820805,60.7038123167155,58.320709001033066,0.0525,0.0314,0.0645,0.0111,-0.2415,0.0211,0.1636,0.6104,0.255,0.0062,0.1867,3,11.4193,5.4467,16.2525,0.1626,15.26,0.1148,0.5623,3.530000000000001
2024,RUVUMA,188,56,244,94107,3869,244.0,75.0,835.0,393.0,179.0,91063.0,5.73668778757563,0.0063,,16.0,,0,24.32,3.42,15.86,0.2295,385.7,1.61,,,,4.82027585377703,41.3765775246484,128686.0,127904.0,0.9939231928881153,26.0,89.37,87.79,25.0,24.0,42.04513154535075,38.7341995273676,61.038961038961,60.36866359447,4.82765190955621,4.88961711903057,91063.0,86520.0,3777.0,3662.0,89.37,88.58000000000001,25.5,25.0,4.82396388166662,4.845848294121271,41.71085453499957,40.71863619912225,68.0194805194805,65.46920821114367,0.0334,0.0244,0.0563,0.2287,0.3424,0.008999999999999998,0.2993,0.75,0.3242,0.0061,0.17,4,11.4522,5.5013,15.7636,0.2975,19.5,0.1165,0.5178,
2020,SHINYANGA,122,29,151,73116,2648,,64.968152866242,503.0,156.0,102.0,,5.0,,,0.0,7.19,1,27.61,3.33,17.54,0.1921,484.2,1.03,85.84,14.16,435654.0,4.59,38.55,106006.0,104881.0,0.9893873931664245,22.5,,,,,,,,,,,,,,,85.84,85.84,22.5,22.5,4.59,4.59,38.55,38.55,64.968152866242,64.968152866242,,,,,,,0.213,0.6497,0.3157,0.0068,0.0,0,11.1998,5.0239,17.3539,0.2107,14.6183,0.1191,0.477,
2021,SHINYANGA,126,31,157,78657,2734,157.0,64.968152866242,503.0,156.0,102.0,73116.0,6.32830023524263,0.0087,,0.0,6.57,0,28.77,3.2,17.41,0.1975,501.0,0.99,87.3,12.7,487730.0,4.5879815937378,39.5048840019058,109335.0,108424.0,0.9916678099419216,23.0,85.84,,22.5,,38.55,,64.968152866242,,4.59,,73116.0,,2648.0,,86.57,86.57,22.75,22.75,4.5889907968689005,4.5889907968689005,39.0274420009529,39.0274420009529,64.968152866242,64.968152866242,0.0758,0.0325,0.0397,0.0,0.0,0.043300000000000005,0.2068,0.6497,0.3034,0.008,0.0,1,11.2729,5.0626,17.2649,0.2051,14.9431,0.1161,0.6025,1.4599999999999937
2022,SHINYANGA,140,32,172,83348,2813,172.0,63.3720930232558,601.0,167.0,127.0,78657.0,7.17545800119506,0.0091,,3.0,7.25,0,29.63,3.49,16.35,0.186,484.6,0.97,87.79,12.21,522217.0,4.88961711903057,38.7341995273676,113205.0,112362.0,0.9925533324499801,24.0,87.3,85.84,23.0,22.5,39.5048840019058,38.55,64.968152866242,64.968152866242,4.5879815937378,4.59,78657.0,73116.0,2734.0,2648.0,87.545,86.97666666666667,23.5,23.166666666666668,4.738799356384185,4.689199570922789,39.1195417646367,38.9296945097578,64.1701229447489,64.43613291857993,0.0596,0.0289,0.0955,-0.0246,0.1948,0.0307,0.2067,0.6337,0.3309,0.0086,0.036,2,11.3308,5.1533,16.2282,0.2052,15.2088,0.1262,0.3335,1.9500000000000028
2023,SHINYANGA,154,31,185,94408,2899,185.0,67.027027027027,578.0,145.0,117.0,83348.0,7.227527955079906,0.0087,,8.0,8.05,0,32.57,3.12,15.67,0.1676,510.3,0.78,89.37,10.63,529596.0,4.82765190955621,42.04513154535075,117909.0,117206.0,0.9940377748941981,25.0,87.79,87.3,24.0,23.0,38.7341995273676,39.5048840019058,63.3720930232558,64.968152866242,4.88961711903057,4.5879815937378,83348.0,78657.0,2813.0,2734.0,88.58000000000001,88.15333333333335,24.5,24.0,4.85863451429339,4.768416874108193,40.389665536359175,40.09473835820805,65.19956002514141,65.12242430550826,0.1327,0.0306,0.0756,0.0577,-0.0383,0.10210000000000001,0.2085,0.6703,0.2958,0.0077,0.0847,3,11.4554,5.2257,15.5766,0.2073,16.7575,0.1148,0.5841,3.530000000000001
2024,SHINYANGA,161,32,193,104389,3062,193.0,70.9844559585492,713.0,219.0,168.0,94408.0,6.34162359122108,0.0067,,5.0,,0,34.09,3.69,15.87,0.1658,540.9,1.13,,,,4.82027585377703,41.3765775246484,128686.0,127904.0,0.9939231928881153,26.0,89.37,87.79,25.0,24.0,42.04513154535075,38.7341995273676,67.027027027027,63.3720930232558,4.82765190955621,4.88961711903057,94408.0,83348.0,2899.0,2813.0,89.37,88.58000000000001,25.5,25.0,4.82396388166662,4.845848294121271,41.71085453499957,40.71863619912225,69.0057414927881,67.12785866961066,0.1057,0.0562,0.0432,0.059,0.2336,0.0495,0.2662,0.7098,0.3498,0.0061,0.0479,4,11.5559,5.2679,15.7736,0.2646,18.4548,0.1165,0.5031,
2020,SIMIYU,145,12,157,67863,2227,,70.3703703703704,313.0,94.0,77.0,,4.0,,,3.0,7.19,1,30.47,1.99,14.18,0.0764,432.2,0.6,85.84,14.16,435654.0,4.59,38.55,106006.0,104881.0,0.9893873931664245,22.5,,,,,,,,,,,,,,,85.84,85.84,22.5,22.5,4.59,4.59,38.55,38.55,70.3703703703704,70.3703703703704,,,,,,,0.1818,0.7037,0.1887,0.0059,0.0442,0,11.1253,5.0626,14.0295,0.1799,15.8332,0.1191,0.4968,
2021,SIMIYU,150,12,162,71856,2327,162.0,70.3703703703704,313.0,94.0,77.0,67863.0,9.88756759942826,0.0146,,3.0,6.57,0,30.88,1.93,14.36,0.0741,443.6,0.58,87.3,12.7,487730.0,4.5879815937378,39.5048840019058,109335.0,108424.0,0.9916678099419216,23.0,85.84,,22.5,,38.55,,70.3703703703704,,4.59,,67863.0,,2227.0,,86.57,86.57,22.75,22.75,4.5889907968689005,4.5889907968689005,39.0274420009529,39.0274420009529,70.3703703703704,70.3703703703704,0.0588,0.0449,0.0318,0.0,0.0,0.013899999999999996,0.1789,0.7037,0.183,0.0138,0.0418,1,11.1824,5.0938,14.2403,0.1774,16.1851,0.1161,0.6222,1.4599999999999937
2022,SIMIYU,155,12,167,75364,2415,167.0,72.4550898203593,381.0,93.0,99.0,71856.0,9.45502115341795,0.0132,,0.0,7.25,0,31.21,2.28,14.46,0.0719,451.3,0.56,87.79,12.21,522217.0,4.88961711903057,38.7341995273676,113205.0,112362.0,0.9925533324499801,24.0,87.3,85.84,23.0,22.5,39.5048840019058,38.55,70.3703703703704,70.3703703703704,4.5879815937378,4.59,71856.0,67863.0,2327.0,2227.0,87.545,86.97666666666667,23.5,23.166666666666668,4.738799356384185,4.689199570922789,39.1195417646367,38.9296945097578,71.41273009536485,71.06527685370003,0.0488,0.0378,0.0309,0.0296,0.2173,0.011000000000000003,0.2033,0.7246,0.2162,0.0125,0.0,2,11.2301,5.124,14.3523,0.2018,17.3904,0.1262,0.3667,1.9500000000000028
2023,SIMIYU,165,13,178,83614,2459,178.0,73.5955056179775,307.0,91.0,94.0,75364.0,9.255082002016877,0.0123,,0.0,8.05,0,34.0,1.72,13.81,0.073,469.7,0.51,89.37,10.63,529596.0,4.82765190955621,42.04513154535075,117909.0,117206.0,0.9940377748941981,25.0,87.79,87.3,24.0,23.0,38.7341995273676,39.5048840019058,72.4550898203593,70.3703703703704,4.88961711903057,4.5879815937378,75364.0,71856.0,2415.0,2327.0,88.58000000000001,88.15333333333335,24.5,24.0,4.85863451429339,4.768416874108193,40.389665536359175,40.09473835820805,73.0252977191684,72.14032193623574,0.1095,0.0182,0.0659,0.0157,-0.1942,0.09129999999999999,0.1884,0.736,0.1631,0.0111,0.0,3,11.334,5.1874,13.7277,0.1873,18.4,0.1148,0.6081,3.530000000000001
2024,SIMIYU,179,13,192,91383,2605,192.0,83.8541666666667,422.0,109.0,117.0,83614.0,7.50711603320018,0.009,,1.0,,0,35.08,2.2,13.57,0.0677,476.0,0.57,,,,4.82027585377703,41.3765775246484,128686.0,127904.0,0.9939231928881153,26.0,89.37,87.79,25.0,24.0,42.04513154535075,38.7341995273676,73.5955056179775,72.4550898203593,4.82765190955621,4.88961711903057,83614.0,75364.0,2459.0,2415.0,89.37,88.58000000000001,25.5,25.0,4.82396388166662,4.845848294121271,41.71085453499957,40.71863619912225,78.72483614232209,76.63492070166784,0.0929,0.0594,0.0787,0.1394,0.3746,0.033499999999999995,0.2702,0.8385,0.2086,0.0082,0.0109,4,11.4228,5.2627,13.4875,0.2686,21.801,0.1165,0.5501,
2020,SINGIDA,142,22,164,67149,2395,,70.5521472392638,447.0,166.0,93.0,,4.0,,,4.0,7.19,1,28.04,2.73,14.6,0.1341,409.4,1.01,85.84,14.16,435654.0,4.59,38.55,106006.0,104881.0,0.9893873931664245,22.5,,,,,,,,,,,,,,,85.84,85.84,22.5,22.5,4.59,4.59,38.55,38.55,70.5521472392638,70.5521472392638,,,,,,,0.2248,0.7055,0.2588,0.006,0.0596,0,11.1147,5.1059,14.4451,0.2224,15.8738,0.1191,0.4974,
2021,SINGIDA,142,21,163,73157,2468,163.0,70.5521472392638,447.0,166.0,93.0,67149.0,6.10433513529613,0.0091,,4.0,6.57,0,29.64,2.74,15.14,0.1288,448.8,1.02,87.3,12.7,487730.0,4.5879815937378,39.5048840019058,109335.0,108424.0,0.9916678099419216,23.0,85.84,,22.5,,38.55,,70.5521472392638,,4.59,,67149.0,,2395.0,,86.57,86.57,22.75,22.75,4.5889907968689005,4.5889907968689005,39.0274420009529,39.0274420009529,70.5521472392638,70.5521472392638,0.0895,0.0305,-0.0061,0.0,0.0,0.059,0.2256,0.7055,0.2598,0.0083,0.0547,1,11.2004,5.0999,15.0139,0.2237,16.2265,0.1161,0.6229,1.4599999999999937
2022,SINGIDA,143,24,167,78797,2523,167.0,76.0479041916168,545.0,191.0,94.0,73157.0,6.37532977022021,0.0087,,8.0,7.25,0,31.23,3.26,15.11,0.1437,471.8,1.14,87.79,12.21,522217.0,4.88961711903057,38.7341995273676,113205.0,112362.0,0.9925533324499801,24.0,87.3,85.84,23.0,22.5,39.5048840019058,38.55,70.5521472392638,70.5521472392638,4.5879815937378,4.59,73157.0,67149.0,2468.0,2395.0,87.545,86.97666666666667,23.5,23.166666666666668,4.738799356384185,4.689199570922789,39.1195417646367,38.9296945097578,73.3000257154403,72.38406622338147,0.0771,0.0223,0.0245,0.0779,0.2192,0.0548,0.2821,0.7605,0.3091,0.0081,0.1015,2,11.2746,5.124,14.9975,0.28,18.252,0.1262,0.3798,1.9500000000000028
2023,SINGIDA,157,25,182,84551,2624,182.0,73.0769230769231,525.0,232.0,106.0,78797.0,6.43552419508357,0.0082,,4.0,8.05,0,32.22,2.88,14.42,0.1374,464.6,1.27,89.37,10.63,529596.0,4.82765190955621,42.04513154535075,117909.0,117206.0,0.9940377748941981,25.0,87.79,87.3,24.0,23.0,38.7341995273676,39.5048840019058,76.0479041916168,70.5521472392638,4.88961711903057,4.5879815937378,78797.0,73157.0,2523.0,2468.0,88.58000000000001,88.15333333333335,24.5,24.0,4.85863451429339,4.768416874108193,40.389665536359175,40.09473835820805,74.56241363426994,73.2256581692679,0.073,0.04,0.0898,-0.0391,-0.0367,0.032999999999999995,0.2554,0.7308,0.273,0.0076,0.0473,3,11.3451,5.2095,14.334,0.2539,18.27,0.1148,0.6062,3.530000000000001
2024,SINGIDA,166,28,194,95551,2804,194.0,76.8041237113402,696.0,251.0,131.0,84551.0,6.06616125178886,0.0072,,6.0,,0,34.08,3.59,14.45,0.1443,492.5,1.29,,,,4.82027585377703,41.3765775246484,128686.0,127904.0,0.9939231928881153,26.0,89.37,87.79,25.0,24.0,42.04513154535075,38.7341995273676,73.0769230769231,76.0479041916168,4.82765190955621,4.88961711903057,84551.0,78797.0,2624.0,2523.0,89.37,88.58000000000001,25.5,25.0,4.82396388166662,4.845848294121271,41.71085453499957,40.71863619912225,74.94052339413165,75.3096503266267,0.1301,0.0686,0.0659,0.051,0.3257,0.0615,0.3041,0.768,0.3403,0.0063,0.0628,4,11.4674,5.273,14.3622,0.3023,19.968,0.1165,0.5244,
2020,SONGWE,91,29,120,50883,2240,,69.3548387096774,344.0,116.0,73.0,,5.0,,,0.0,7.19,1,22.72,2.87,18.67,0.2417,424.0,0.97,85.84,14.16,435654.0,4.59,38.55,106006.0,104881.0,0.9893873931664245,22.5,,,,,,,,,,,,,,,85.84,85.84,22.5,22.5,4.59,4.59,38.55,38.55,69.3548387096774,69.3548387096774,,,,,,,0.221,0.6935,0.2721,0.0098,0.0,0,10.8373,4.7958,18.4719,0.2187,15.6038,0.1191,0.493,
2021,SONGWE,96,28,124,54376,2315,124.0,69.3548387096774,344.0,116.0,73.0,50883.0,6.27321502269913,0.0123,,0.0,6.57,0,23.49,2.77,18.67,0.2258,438.5,0.94,87.3,12.7,487730.0,4.5879815937378,39.5048840019058,109335.0,108424.0,0.9916678099419216,23.0,85.84,,22.5,,38.55,,69.3548387096774,,4.59,,50883.0,,2240.0,,86.57,86.57,22.75,22.75,4.5889907968689005,4.5889907968689005,39.0274420009529,39.0274420009529,69.3548387096774,69.3548387096774,0.0686,0.0335,0.0333,0.0,0.0,0.03509999999999999,0.2163,0.6935,0.2626,0.0115,0.0,1,10.9037,4.8283,18.5144,0.2145,15.9505,0.1161,0.6185,1.4599999999999937
2022,SONGWE,102,28,130,56347,2362,130.0,71.5384615384615,383.0,134.0,89.0,54376.0,7.12630572311314,0.0131,,0.0,7.25,0,23.86,2.95,18.17,0.2154,433.4,1.03,87.79,12.21,522217.0,4.88961711903057,38.7341995273676,113205.0,112362.0,0.9925533324499801,24.0,87.3,85.84,23.0,22.5,39.5048840019058,38.55,69.3548387096774,69.3548387096774,4.5879815937378,4.59,54376.0,50883.0,2315.0,2240.0,87.545,86.97666666666667,23.5,23.166666666666668,4.738799356384185,4.689199570922789,39.1195417646367,38.9296945097578,70.44665012406945,70.08271298593877,0.0362,0.0203,0.0484,0.0315,0.1134,0.015900000000000004,0.2394,0.7154,0.2797,0.0126,0.0,2,10.9393,4.8752,18.0347,0.2376,17.1696,0.1262,0.3633,1.9500000000000028
2023,SONGWE,112,30,142,60122,2497,142.0,71.1267605633803,434.0,151.0,91.0,56347.0,6.3392904679929725,0.0113,,0.0,8.05,0,24.08,3.06,17.58,0.2113,423.4,1.06,89.37,10.63,529596.0,4.82765190955621,42.04513154535075,117909.0,117206.0,0.9940377748941981,25.0,87.79,87.3,24.0,23.0,38.7341995273676,39.5048840019058,71.5384615384615,69.3548387096774,4.88961711903057,4.5879815937378,56347.0,54376.0,2362.0,2315.0,88.58000000000001,88.15333333333335,24.5,24.0,4.85863451429339,4.768416874108193,40.389665536359175,40.09473835820805,71.3326110509209,70.67335360383974,0.067,0.0572,0.0923,-0.0058,0.1332,0.009800000000000003,0.242,0.7113,0.2901,0.0105,0.0,3,11.0041,4.9628,17.4752,0.2406,17.7825,0.1148,0.5991,3.530000000000001
2024,SONGWE,122,30,152,64933,2675,152.0,75.0,527.0,170.0,135.0,60122.0,6.15747979109145,0.0102,,2.0,,0,24.27,3.47,17.6,0.1974,427.2,1.12,,,,4.82027585377703,41.3765775246484,128686.0,127904.0,0.9939231928881153,26.0,89.37,87.79,25.0,24.0,42.04513154535075,38.7341995273676,71.1267605633803,71.5384615384615,4.82765190955621,4.88961711903057,60122.0,56347.0,2497.0,2362.0,89.37,88.58000000000001,25.5,25.0,4.82396388166662,4.845848294121271,41.71085453499957,40.71863619912225,73.06338028169014,72.55507403394726,0.08,0.0713,0.0704,0.0545,0.2143,0.0087,0.2824,0.75,0.329,0.0095,0.0308,4,11.0811,5.0304,17.493,0.2807,19.5,0.1165,0.5178,
2020,TABORA,168,26,194,85315,3287,,61.1650485436893,556.0,324.0,145.0,,5.0,,,6.0,7.19,1,25.96,2.87,16.94,0.134,439.8,1.67,85.84,14.16,435654.0,4.59,38.55,106006.0,104881.0,0.9893873931664245,22.5,,,,,,,,,,,,,,,85.84,85.84,22.5,22.5,4.59,4.59,38.55,38.55,61.1650485436893,61.1650485436893,,,,,,,0.1978,0.6117,0.2721,0.0059,0.0703,0,11.3541,5.273,16.7602,0.1957,13.7632,0.1191,0.4631,
2021,TABORA,179,27,206,91931,3327,206.0,61.1650485436893,556.0,324.0,145.0,85315.0,9.08867139424486,0.0107,,6.0,6.57,0,27.63,2.7,16.15,0.1311,446.3,1.57,87.3,12.7,487730.0,4.5879815937378,39.5048840019058,109335.0,108424.0,0.9916678099419216,23.0,85.84,,22.5,,38.55,,61.1650485436893,,4.59,,85315.0,,3287.0,,86.57,86.57,22.75,22.75,4.5889907968689005,4.5889907968689005,39.0274420009529,39.0274420009529,61.1650485436893,61.1650485436893,0.0775,0.0122,0.0619,0.0,0.0,0.0653,0.188,0.6117,0.256,0.0099,0.0653,1,11.4288,5.3327,16.0154,0.1864,14.0691,0.1161,0.5886,1.4599999999999937
2022,TABORA,182,30,212,96583,3402,212.0,68.3962264150943,668.0,326.0,162.0,91931.0,8.9491031316966,0.0097,,11.0,7.25,0,28.39,3.15,16.05,0.1415,455.6,1.54,87.79,12.21,522217.0,4.88961711903057,38.7341995273676,113205.0,112362.0,0.9925533324499801,24.0,87.3,85.84,23.0,22.5,39.5048840019058,38.55,61.1650485436893,61.1650485436893,4.5879815937378,4.59,91931.0,85315.0,3327.0,3287.0,87.545,86.97666666666667,23.5,23.166666666666668,4.738799356384185,4.689199570922789,39.1195417646367,38.9296945097578,64.7806374793918,63.575441167490965,0.0506,0.0225,0.0291,0.1182,0.2014,0.0281,0.2468,0.684,0.2986,0.0093,0.1139,2,11.4782,5.3613,15.9305,0.245,16.416,0.1262,0.3519,1.9500000000000028
2023,TABORA,197,32,229,110081,3592,229.0,69.8689956331878,613.0,209.0,158.0,96583.0,8.441444146485406,0.0087,,6.0,8.05,0,30.65,2.68,15.69,0.1397,480.7,0.91,89.37,10.63,529596.0,4.82765190955621,42.04513154535075,117909.0,117206.0,0.9940377748941981,25.0,87.79,87.3,24.0,23.0,38.7341995273676,39.5048840019058,68.3962264150943,61.1650485436893,4.88961711903057,4.5879815937378,96583.0,91931.0,3402.0,3327.0,88.58000000000001,88.15333333333335,24.5,24.0,4.85863451429339,4.768416874108193,40.389665536359175,40.09473835820805,69.13261102414106,66.47675686399047,0.1398,0.0558,0.0802,0.0215,-0.0823,0.084,0.2151,0.6987,0.2541,0.0077,0.0545,3,11.609,5.4381,15.5965,0.2138,17.4675,0.1148,0.5945,3.530000000000001
2024,TABORA,217,32,249,124169,3798,249.0,75.9036144578313,905.0,318.0,212.0,110081.0,9.13418301069213,0.0083,,2.0,,0,32.69,3.63,15.25,0.1285,498.7,1.28,,,,4.82027585377703,41.3765775246484,128686.0,127904.0,0.9939231928881153,26.0,89.37,87.79,25.0,24.0,42.04513154535075,38.7341995273676,69.8689956331878,68.3962264150943,4.82765190955621,4.88961711903057,110081.0,96583.0,3592.0,3402.0,89.37,88.58000000000001,25.5,25.0,4.82396388166662,4.845848294121271,41.71085453499957,40.71863619912225,72.88630504550954,71.38961216870446,0.128,0.0573,0.0873,0.0864,0.4763,0.07070000000000001,0.2997,0.759,0.3441,0.0074,0.0161,4,11.7294,5.5215,15.1573,0.2979,19.734,0.1165,0.5211,
2020,TANGA,244,46,290,118404,5515,,67.5767918088737,1012.0,246.0,182.0,,7.0,,,3.0,7.19,1,21.47,3.49,19.02,0.1586,408.3,0.85,85.84,14.16,435654.0,4.59,38.55,106006.0,104881.0,0.9893873931664245,22.5,,,,,,,,,,,,,,,85.84,85.84,22.5,22.5,4.59,4.59,38.55,38.55,67.5767918088737,67.5767918088737,,,,,,,0.2277,0.6758,0.3309,0.0059,0.0253,0,11.6819,5.6733,18.8181,0.2253,15.2055,0.1191,0.4866,
2021,TANGA,246,47,293,126915,5620,293.0,67.5767918088737,1012.0,246.0,182.0,118404.0,4.45086314651532,0.0038,,3.0,6.57,0,22.58,3.45,19.18,0.1604,433.2,0.84,87.3,12.7,487730.0,4.5879815937378,39.5048840019058,109335.0,108424.0,0.9916678099419216,23.0,85.84,,22.5,,38.55,,67.5767918088737,,4.59,,118404.0,,5515.0,,86.57,86.57,22.75,22.75,4.5889907968689005,4.5889907968689005,39.0274420009529,39.0274420009529,67.5767918088737,67.5767918088737,0.0719,0.019,0.0103,0.0,0.0,0.0529,0.2259,0.6758,0.3271,0.0035,0.0236,1,11.7513,5.6836,19.0202,0.224,15.5434,0.1161,0.612,1.4599999999999937
2022,TANGA,253,45,298,128548,5718,298.0,71.8120805369127,1042.0,374.0,207.0,126915.0,5.14990347870622,0.0041,,3.0,7.25,0,22.48,3.5,19.19,0.151,431.4,1.26,87.79,12.21,522217.0,4.88961711903057,38.7341995273676,113205.0,112362.0,0.9925533324499801,24.0,87.3,85.84,23.0,22.5,39.5048840019058,38.55,67.5767918088737,67.5767918088737,4.5879815937378,4.59,126915.0,118404.0,5620.0,5515.0,87.545,86.97666666666667,23.5,23.166666666666668,4.738799356384185,4.689199570922789,39.1195417646367,38.9296945097578,69.6944361728932,68.98855471822003,0.0129,0.0174,0.0171,0.0627,0.0296,-0.004499999999999999,0.2694,0.7181,0.3318,0.004,0.0233,2,11.7641,5.7004,19.0471,0.2674,17.2344,0.1262,0.3643,1.9500000000000028
2023,TANGA,270,47,317,139965,5837,317.0,74.7634069400631,943.0,371.0,189.0,128548.0,4.935121511030899,0.0038,,13.0,8.05,0,23.98,2.97,18.41,0.1483,441.5,1.17,89.37,10.63,529596.0,4.82765190955621,42.04513154535075,117909.0,117206.0,0.9940377748941981,25.0,87.79,87.3,24.0,23.0,38.7341995273676,39.5048840019058,71.8120805369127,67.5767918088737,4.88961711903057,4.5879815937378,128548.0,126915.0,5718.0,5620.0,88.58000000000001,88.15333333333335,24.5,24.0,4.85863451429339,4.768416874108193,40.389665536359175,40.09473835820805,73.2877437384879,71.38409309528318,0.0888,0.0208,0.0638,0.0411,-0.095,0.068,0.2651,0.7476,0.2816,0.0035,0.0929,3,11.8492,5.7621,18.3002,0.2635,18.69,0.1148,0.6124,3.530000000000001
2024,TANGA,289,45,334,150855,6024,334.0,80.8383233532934,1296.0,422.0,252.0,139965.0,4.99124781195299,0.0036,,28.0,,0,25.04,3.88,18.04,0.1347,451.7,1.26,,,,4.82027585377703,41.3765775246484,128686.0,127904.0,0.9939231928881153,26.0,89.37,87.79,25.0,24.0,42.04513154535075,38.7341995273676,74.7634069400631,71.8120805369127,4.82765190955621,4.88961711903057,139965.0,128548.0,5837.0,5718.0,89.37,88.58000000000001,25.5,25.0,4.82396388166662,4.845848294121271,41.71085453499957,40.71863619912225,77.80086514667826,75.80460361008973,0.0778,0.032,0.0536,0.0813,0.3743,0.045799999999999993,0.3378,0.8084,0.3678,0.0033,0.1856,4,11.9241,5.8141,17.9304,0.3357,21.0184,0.1165,0.5391,
